snr_single,snr_avg,chi2_red,npe_selfconsistency,heldout_rms_z,covered95_allheldout
31.0769,76.1226,0.43022,20.68184,25.01462,0
30.9590,75.8337,2.15791,22.05329,24.15580,0
34.2349,83.8581,0.42972,23.07912,25.62416,0
24.7661,60.6642,0.02867,13.98244,16.25682,0
23.9418,58.6451,6.51241,14.37907,16.18119,0
19.8160,48.5392,0.59478,9.39910,10.66401,0
32.2820,79.0745,42.85472,31.87972,36.62997,0
17.6969,43.3483,0.98488,10.03299,11.24679,0
28.8226,70.6007,2.71000,14.59270,16.57515,0
26.6939,65.3865,51.24929,31.25095,35.50712,0
24.5694,60.1825,3.65880,17.77040,19.95663,0
24.3384,59.6166,0.93640,19.73839,23.48736,0
10.4534,25.6055,0.07008,3.13165,3.21379,0
22.5972,55.3517,0.00437,10.79957,12.06013,0
35.7942,87.6775,1.89226,24.37201,26.69594,0
11.8580,29.0460,2.71846,4.91890,2.56552,0
23.3316,57.1506,6.26111,17.02647,20.75173,0
18.1599,44.4825,0.76067,10.69569,12.37752,0
25.4056,62.2308,5.88547,21.62017,26.16479,0
21.2149,51.9656,5.40512,20.76502,23.83208,0
22.1972,54.3718,1.22123,17.17481,20.17708,0
15.4063,37.7376,0.03594,9.14652,11.48699,0
33.5371,82.1488,1.00012,26.09865,31.76556,0
20.5116,50.2429,1.91699,13.63719,15.82933,0
18.9629,46.4495,0.28012,6.87228,7.87902,0
33.6462,82.4160,0.67067,23.46315,29.80971,0
27.8074,68.1140,1.66966,11.52110,14.16029,0
40.1793,98.4188,0.95419,23.90298,28.80498,0
35.5607,87.1056,0.80356,19.18157,20.86717,0
42.8728,105.0166,0.36153,19.56281,22.92314,0
23.1050,56.5955,0.05297,16.20583,19.58819,0
31.4289,76.9848,0.07047,23.26922,24.26192,0
28.9770,70.9789,1.22374,16.99968,19.46453,0
47.2750,115.7997,0.67407,14.58235,18.36693,0
18.4086,45.0917,0.66894,10.50882,11.93797,0
26.8204,65.6962,0.28268,14.48194,17.56279,0
29.4271,72.0815,0.00299,19.05381,23.04189,0
25.2079,61.7464,2.20816,9.71666,10.51554,0
33.6613,82.4530,0.94740,22.63472,25.45595,0
27.2278,66.6942,0.00251,15.41778,18.70843,0
11.6917,28.6388,0.00425,8.08868,8.59932,0
43.1407,105.6726,0.23165,26.18153,30.62209,0
29.7609,72.8990,9.16252,12.52527,15.27484,0
23.5885,57.7799,7.91118,9.74220,12.46781,0
27.8208,68.1468,0.02183,10.84211,13.36394,0
23.7123,58.0830,1.78742,15.52632,19.00472,0
8.0000,19.5959,5.05735,8.19535,8.86394,0
15.3010,37.4797,23.72248,16.28593,19.79664,0
27.0135,66.1692,7.98087,21.50572,23.73860,0
34.7166,85.0379,0.49906,15.84501,18.86481,0
21.0585,51.5825,0.16045,17.09035,21.54521,0
32.0818,78.5840,0.45946,21.32287,26.72394,0
30.4011,74.4671,1.83750,10.80746,11.95025,0
29.0643,71.1926,1.03614,18.85910,22.16018,0
21.7275,53.2213,0.00210,14.87166,18.29750,0
15.0219,36.7960,0.97718,13.72631,14.23881,0
51.7893,126.8574,2.16830,35.08753,43.74198,0
32.7987,80.3400,26.51021,22.62932,24.78853,0
26.3410,64.5221,0.69709,17.85350,21.73520,0
22.3233,54.6808,1.00786,9.33325,12.17470,0
10.5335,25.8016,0.42005,3.11449,4.23984,0
26.9577,66.0326,0.16414,21.09366,25.54168,0
28.8470,70.6603,0.36276,23.85414,29.76365,0
47.1590,115.5155,0.97124,34.11165,39.95859,0
17.2252,42.1929,1.39736,13.08316,15.45640,0
22.5723,55.2907,0.02157,7.27419,8.43260,0
43.2763,106.0049,2.48318,20.71688,23.78219,0
38.6060,94.5650,3.06332,9.37526,10.26621,0
35.0973,85.9705,0.22041,23.76895,28.87998,0
40.0336,98.0619,0.09310,22.84231,26.62908,0
27.3681,67.0380,0.77720,10.10644,12.69798,0
22.2545,54.5120,2.49468,17.11246,20.02301,0
24.0376,58.8800,0.02916,15.82079,20.13211,0
13.8745,33.9855,0.58217,10.62354,13.30813,0
40.9292,100.2557,4.10439,25.30604,29.55153,0
22.3558,54.7603,1.83347,5.80326,6.46647,0
27.8688,68.2643,0.07810,17.98168,22.27204,0
21.7324,53.2333,1.45312,12.75784,15.39156,0
34.3375,84.1094,0.25274,29.40314,36.90564,0
24.3836,59.7273,0.41261,12.07526,15.19640,0
18.8193,46.0978,0.61430,7.39863,7.72094,0
16.4042,40.1820,0.10196,7.71787,8.41040,0
37.9626,92.9889,0.12105,24.69843,30.56460,0
53.0678,129.9889,0.08934,22.78062,23.47630,0
32.4876,79.5780,0.12780,23.08900,28.43692,0
31.2035,76.4326,0.32096,20.60311,24.75861,0
28.6784,70.2474,0.99881,7.90709,10.08760,0
30.6267,75.0199,1.64074,23.45439,31.05561,0
15.8456,38.8136,0.31725,3.82715,2.09473,0
17.8254,43.6631,18.88522,17.75112,21.36233,0
33.2664,81.4857,3.14234,17.73485,22.28523,0
54.4367,133.3421,2.66411,37.99315,47.21620,0
22.1116,54.1621,3.04137,17.66251,23.33375,0
22.9966,56.3300,0.04418,13.28428,15.39063,0
52.2114,127.8914,0.00265,38.46329,46.70717,0
21.8477,53.5157,0.04563,16.70039,19.16306,0
34.3120,84.0470,0.02255,13.84709,15.45764,0
50.4932,123.6825,0.65438,20.88478,22.30534,0
24.6164,60.2977,0.17043,5.79379,6.89139,0
31.2157,76.4626,2.35136,13.17562,15.23850,0
17.9281,43.9147,0.40182,13.99112,15.30428,0
34.8854,85.4514,2.17880,27.21046,32.21367,0
37.6199,92.1495,0.76277,25.59630,30.97979,0
32.7887,80.3156,0.00249,21.63613,24.71474,0
17.4912,42.8444,2.11641,11.63498,13.72184,0
29.3924,71.9965,1.04562,18.82307,21.48104,0
19.9079,48.7643,1.58925,14.22945,14.41842,0
23.7416,58.1548,15.67190,19.70919,24.06985,0
29.2602,71.6726,0.98257,14.17445,15.85884,0
29.7609,72.8990,0.59121,23.03251,29.38255,0
25.8376,63.2890,0.27033,12.41950,15.28906,0
41.7179,102.1877,0.80543,15.37534,16.11046,0
20.0051,49.0024,0.18161,6.22608,6.26004,0
33.3841,81.7740,2.08696,22.47069,26.10774,0
19.8897,48.7196,4.59580,16.07292,18.31420,0
33.7348,82.6329,0.67326,14.25145,16.73928,0
19.6752,48.1943,0.79103,17.55077,20.67063,0
33.3950,81.8007,3.14671,14.58630,16.50163,0
13.6465,33.4269,0.01673,8.87769,10.10611,0
33.2187,81.3689,1.76425,25.03126,29.41700,0
21.3989,52.4165,4.34712,15.53245,18.26708,0
27.1069,66.3980,0.62075,18.66096,22.21047,0
14.7906,36.2293,0.06592,7.76914,7.82357,0
23.8392,58.3939,0.43529,12.30242,13.56196,0
26.4412,64.7675,8.69658,18.78887,24.28039,0
25.0730,61.4160,6.79689,17.21499,21.46709,0
36.6635,89.8068,2.05532,18.79523,22.86444,0
23.6078,57.8271,0.95670,17.74106,22.84902,0
25.2631,61.8816,1.15175,18.49142,22.28392,0
29.8105,73.0205,0.04800,23.20778,26.52101,0
20.3383,49.8184,0.00779,8.11313,9.30963,0
19.8269,48.5658,0.63405,15.00585,18.10501,0
28.9371,70.8811,14.73737,22.97808,25.99378,0
9.9328,24.3303,0.17125,2.72571,2.93957,0
12.7916,31.3329,0.09696,4.65606,5.06316,0
23.9897,58.7624,1.37065,10.06197,11.94138,0
26.4635,64.8221,0.14342,11.39943,13.26696,0
12.3952,30.3619,8.72267,11.43307,12.15178,0
14.0691,34.4621,0.73647,11.57168,12.93607,0
46.9687,115.0494,0.10458,20.87518,26.09659,0
30.3689,74.3884,3.86527,24.85280,31.49391,0
29.3688,71.9385,1.33683,19.79886,22.80655,0
22.4897,55.0882,0.49025,13.61555,17.90529,0
26.8890,65.8644,3.65671,20.02079,23.11633,0
24.7250,60.5637,1.04765,18.50965,19.19250,0
48.2369,118.1558,0.41438,25.13763,30.41825,0
33.9646,83.1959,0.42372,22.21100,24.79821,0
23.3709,57.2468,0.64906,16.16036,18.53518,0
34.7070,85.0146,0.66239,15.65191,17.64137,0
23.0359,56.4263,9.59390,19.29645,21.54625,0
31.8314,77.9708,7.34391,22.56566,26.52921,0
31.8073,77.9117,0.05786,11.12299,12.50140,0
10.1370,24.8305,0.42477,8.35329,10.20937,0
19.8497,48.6215,2.61482,10.05492,12.38854,0
27.8359,68.1839,0.43527,19.75778,24.95302,0
24.6440,60.3652,12.08358,19.06580,21.13016,0
27.6135,67.6390,0.02000,21.13425,26.67240,0
34.9736,85.6674,0.59545,22.63429,26.28721,0
16.4345,40.2561,0.86069,8.96365,11.11774,0
30.6527,75.0834,1.07989,26.77585,33.46812,0
25.0482,61.3553,0.13823,14.47975,18.35548,0
12.5580,30.7606,0.01287,11.10638,11.69593,0
17.3401,42.4745,5.05441,16.50520,19.73535,0
23.0746,56.5210,1.86638,12.56890,16.04954,0
26.1781,64.1229,0.02033,16.31481,18.33523,0
26.7754,65.5860,1.22311,13.60864,17.06787,0
14.4928,35.4999,0.19102,5.06878,6.29797,0
33.2516,81.4495,5.98616,18.35651,23.13783,0
40.3903,98.9357,1.25450,20.57215,23.47883,0
26.5665,65.0743,0.81994,20.55552,24.49429,0
26.0962,63.9224,0.38349,16.97021,20.99421,0
28.6218,70.1089,16.25713,23.03133,27.27573,0
26.3716,64.5971,0.39307,11.67992,14.50089,0
24.2323,59.3568,0.01348,10.53666,11.73453,0
24.6444,60.3662,22.58979,7.56550,9.10525,0
25.2076,61.7458,1.58663,17.81854,21.05981,0
14.6007,35.7644,0.09387,11.94953,12.15265,0
28.3623,69.4732,2.42571,12.35086,12.22522,0
36.7905,90.1179,0.37711,22.49889,26.68168,0
38.1796,93.5207,61.78194,30.19071,33.66953,0
24.7839,60.7079,0.09313,15.34802,18.82931,0
26.1782,64.1232,0.11969,19.20678,23.22799,0
22.9867,56.3056,2.21918,14.27959,16.44912,0
26.6065,65.1724,0.38312,14.30481,16.74583,0
24.3580,59.6647,0.36302,6.40434,8.00431,0
31.9691,78.3079,0.28543,19.99667,24.41953,0
26.8792,65.8402,0.05983,13.61198,15.12905,0
19.9764,48.9320,0.15128,16.71455,18.37055,0
41.6969,102.1362,0.41414,31.92525,33.42090,0
29.1746,71.4629,2.20161,17.50275,21.61410,0
20.0489,49.1095,0.00373,12.69355,13.26160,0
38.0088,93.1023,13.99176,25.89623,30.93253,0
26.0622,63.8391,2.32007,13.26187,15.47981,0
21.3360,52.2624,0.40530,14.40244,18.42740,0
23.3815,57.2729,4.01693,15.84561,20.09102,0
23.6056,57.8217,0.00205,15.30963,18.05061,0
30.3753,74.4040,2.42884,17.66990,18.57986,0
40.1698,98.3954,0.50633,18.96231,22.86448,0
9.4331,23.1064,0.05724,1.90946,2.96249,0
25.6833,62.9110,0.05442,20.20673,25.81886,0
40.5991,99.4470,1.91067,16.70408,19.72932,0
12.7738,31.2892,0.04201,10.06883,11.56293,0
22.6219,55.4121,1.14906,14.21720,16.53879,0
30.3467,74.3339,2.33736,19.25970,22.70627,0
35.4962,86.9476,0.40230,25.75990,27.62968,0
29.8439,73.1023,6.13753,21.52652,26.79190,0
26.2536,64.3078,12.51873,21.06325,26.64480,0
16.6401,40.7598,0.14364,6.88611,7.97319,0
26.0324,63.7660,0.36732,16.63908,19.63199,0
14.1318,34.6157,0.18565,8.22656,9.95115,0
35.0129,85.7638,5.85772,21.08287,24.57533,0
30.2955,74.2086,0.37833,18.27515,20.95068,0
45.4478,111.3238,0.54167,33.60511,37.56001,0
27.1631,66.5358,2.86665,19.05386,22.33336,0
26.1746,64.1143,5.64764,22.83714,28.79235,0
37.5300,91.9294,1.05886,26.84670,32.93265,0
45.2013,110.7202,0.77245,26.35122,31.65538,0
13.1903,32.3096,0.06150,9.42857,11.64816,0
32.0691,78.5528,9.14302,25.07500,29.64432,0
9.8123,24.0351,0.05157,7.72670,8.45033,0
40.2559,98.6063,0.37670,26.57574,33.68815,0
28.6917,70.2800,0.05923,14.63516,16.50828,0
24.5750,60.1961,2.81953,20.24500,23.63562,0
40.9624,100.3370,0.17445,23.38180,28.02926,0
50.2863,123.1757,0.82841,17.23226,19.96032,0
38.4478,94.1776,0.00615,22.27644,24.42380,0
20.2600,49.6267,0.68939,7.32316,8.05148,0
26.1632,64.0864,0.32441,14.90213,17.40688,0
29.4186,72.0605,0.04082,14.68341,16.65697,0
24.8879,60.9626,0.03576,19.65236,24.42183,0
18.7838,46.0107,16.11423,18.78162,22.02592,0
12.9783,31.7902,1.18388,4.98017,3.21804,0
29.1813,71.4793,36.63538,17.67803,21.01931,0
62.3016,152.6071,9.68465,49.40353,56.39892,0
11.9982,29.3894,1.59001,10.21260,11.96526,0
35.9836,88.1415,78.58474,31.59771,36.13018,0
32.2533,79.0042,4.17159,23.90155,29.70649,0
27.9994,68.5844,4.37485,23.89299,27.12010,0
31.1890,76.3971,6.76781,18.57401,22.98575,0
26.9140,65.9256,1.64397,21.73737,24.92919,0
18.3741,45.0073,1.07318,7.91694,8.80609,0
13.0837,32.0483,0.68025,10.83362,12.67031,0
17.1659,42.0477,0.01220,10.77543,10.98133,0
28.1156,68.8689,3.79331,16.41944,18.85328,0
16.8913,41.3751,1.62266,9.25595,11.22611,0
12.9209,31.6497,0.15334,3.68319,4.33774,0
30.2494,74.0955,0.80284,16.37683,18.63316,0
26.4244,64.7263,0.46950,17.07860,20.20080,0
35.2144,86.2574,0.11321,21.70731,27.57863,0
32.8792,80.5373,0.33310,15.98477,18.29808,0
50.3925,123.4359,1.10938,19.70587,23.94336,0
14.1162,34.5774,0.60975,12.05044,14.96687,0
17.5350,42.9518,0.05342,7.38298,8.24718,0
31.2926,76.6510,0.26819,19.68008,22.48416,0
37.0957,90.8655,1.32082,24.75061,31.65262,0
41.9096,102.6572,2.14521,21.40369,26.05047,0
34.9234,85.5445,0.19659,22.36851,24.91477,0
30.5502,74.8324,0.73150,18.89138,22.15197,0
31.6917,77.6285,0.10968,15.07406,18.47256,0
11.4388,28.0192,1.00265,3.13626,4.14894,0
34.4669,84.4263,0.96127,15.77339,17.70874,0
36.9397,90.4833,1.28886,17.52221,22.58060,0
34.1339,83.6106,3.97430,29.02321,34.32952,0
22.2245,54.4387,2.82679,8.76599,10.69999,0
27.3437,66.9782,0.01495,17.36536,20.86106,0
29.6679,72.6712,0.65587,26.75868,31.59579,0
24.5777,60.2028,2.05999,16.44384,18.87665,0
23.9281,58.6115,0.07744,11.22514,12.22857,0
19.0718,46.7162,0.38762,5.89867,6.70715,0
29.7294,72.8218,1.47191,14.09201,15.82509,0
38.8079,95.0596,0.31041,16.00143,17.28004,0
36.7028,89.9031,0.07039,17.12208,19.37831,0
16.3888,40.1442,4.90742,4.97355,5.22314,0
27.7437,67.9580,0.46882,17.27158,20.69966,0
28.0932,68.8141,0.02538,20.10447,21.86800,0
23.2333,56.9097,0.40491,12.22879,12.54655,0
37.8945,92.8221,8.21989,29.89685,37.32550,0
41.3747,101.3468,9.79008,28.25264,33.64675,0
21.4014,52.4225,2.85973,17.58703,20.51722,0
32.5291,79.6798,0.59552,10.95024,11.44849,0
34.1422,83.6311,6.44297,22.85398,26.52921,0
38.0845,93.2876,0.22056,19.17174,23.85795,0
10.0089,24.5167,0.91599,6.52666,8.33744,0
43.5912,106.7763,0.18955,26.51143,27.25317,0
51.9777,127.3189,2.30276,12.14795,14.50138,0
25.1359,61.5702,1.29656,19.43798,23.17441,0
41.1917,100.8985,0.05557,27.22616,32.90924,0
26.6907,65.3786,0.33869,19.74171,23.43182,0
27.0291,66.2076,0.35049,7.91270,9.34927,0
33.7018,82.5521,0.60924,20.84964,22.63635,0
40.7720,99.8706,2.06248,26.75266,29.02261,0
23.8181,58.3422,0.53871,9.35996,9.72533,0
30.0993,73.7280,0.75653,10.05895,12.49676,0
15.5842,38.1733,1.98924,10.35118,11.96792,0
22.2136,54.4119,0.94847,17.31452,21.50440,0
18.9191,46.3421,7.47820,16.93552,20.58167,0
35.9520,88.0640,2.61916,20.12881,28.25259,0
19.6262,48.0741,0.80364,12.81088,16.07662,0
23.9297,58.6156,0.05560,21.18699,23.78310,0
10.7966,26.4461,0.00037,7.87816,9.29375,0
42.4184,103.9034,2.47314,26.42811,31.17351,0
30.3453,74.3304,0.51117,17.40635,20.06383,0
13.9082,34.0681,0.89820,10.77868,12.90357,0
36.3548,89.0508,0.46052,25.50122,28.43197,0
29.2673,71.6900,1.62939,19.63890,22.51964,0
30.2933,74.2032,2.46438,19.96118,27.58638,0
28.5335,69.8925,4.38882,25.00765,30.03544,0
22.3124,54.6540,4.25746,14.95911,17.07310,0
18.5984,45.5567,0.25051,8.16039,10.02849,0
30.6673,75.1192,0.40280,21.48499,24.42664,0
34.5250,84.5687,3.22920,22.62581,26.28460,0
36.0576,88.3226,0.70588,15.11032,16.96647,0
41.6978,102.1384,0.38348,15.21330,18.22139,0
26.1751,64.1155,2.01600,8.93735,9.67187,0
31.9536,78.2700,12.04551,19.10993,23.50597,0
34.1488,83.6472,0.28161,20.02260,22.07619,0
24.4120,59.7968,4.00106,16.38100,19.71908,0
28.4676,69.7312,1.19689,23.25747,26.63452,0
22.9184,56.1385,0.71411,13.89967,17.98408,0
14.2614,34.9330,4.81768,14.29340,17.86193,0
28.2714,69.2504,0.82111,22.92570,27.61164,0
22.9553,56.2287,5.01497,7.19186,8.32087,0
29.2292,71.5966,0.00324,19.27585,21.42692,0
14.0362,34.3815,0.00279,10.57795,11.64389,0
24.3294,59.5947,0.29670,10.53499,13.02928,0
28.8688,70.7138,0.47113,24.77557,27.28317,0
18.0915,44.3149,0.23391,8.96305,10.47218,0
29.5301,72.3337,1.91175,23.63035,27.81018,0
31.5168,77.2000,1.63458,25.28796,30.61813,0
33.4370,81.9037,2.02255,26.76772,30.62863,0
12.0543,29.5269,0.07168,4.91770,5.61206,0
26.8624,65.7991,0.51586,10.47650,11.98594,0
10.5513,25.8453,0.79634,5.97473,6.83510,0
39.4567,96.6488,1.46082,28.89505,37.32122,0
31.9562,78.2763,1.48566,20.25543,24.03359,0
21.6530,53.0388,0.18786,14.75206,17.09411,0
21.1617,51.8354,1.62815,14.21225,17.67952,0
23.7569,58.1924,0.03500,14.09085,18.36094,0
33.9276,83.1054,0.44918,20.08359,22.80445,0
28.9089,70.8119,10.81109,20.93457,23.35347,0
30.0853,73.6936,0.58456,21.33292,25.42490,0
48.4287,118.6256,4.26054,19.48718,21.75989,0
39.3100,96.2894,2.10160,21.88376,27.46790,0
33.8210,82.8441,6.02647,22.05357,25.60693,0
22.9002,56.0939,0.09643,19.09627,22.18022,0
17.8771,43.7898,78.81366,21.66789,26.52275,0
34.1867,83.7400,0.83591,27.27719,31.83429,0
33.2606,81.4715,0.48802,18.64016,22.99750,0
39.8635,97.6451,2.04895,19.20048,22.76711,0
31.8272,77.9604,0.17731,21.25098,25.99794,0
16.4271,40.2381,1.57133,10.26250,11.40846,0
31.7733,77.8284,2.35422,15.03459,18.81541,0
34.2740,83.9538,1.40537,22.52527,25.88358,0
46.5735,114.0813,0.58836,30.90387,35.81020,0
23.8060,58.3126,0.26300,19.21361,22.25031,0
45.7142,111.9764,1.98541,23.55808,27.36480,0
44.2290,108.3386,0.25130,25.93857,34.24801,0
28.5363,69.8995,0.42594,19.77056,22.23657,0
47.7623,116.9932,0.05919,29.41821,33.99716,0
15.0816,36.9423,7.34653,13.11356,15.65948,0
34.0786,83.4753,6.51874,24.47388,30.93040,0
28.3806,69.5180,0.44418,21.31644,24.06852,0
35.7099,87.4710,4.46178,19.41702,23.03833,0
27.2386,66.7207,4.05303,6.28662,6.87993,0
17.9738,44.0266,0.73191,8.09369,9.66215,0
16.5992,40.6595,0.00050,11.47416,13.94044,0
33.5244,82.1178,0.02967,27.35787,31.72819,0
27.5605,67.5092,1.38143,21.68987,25.57571,0
35.6968,87.4389,0.25665,9.39607,12.60127,0
30.6256,75.0170,0.63792,15.37227,17.85712,0
16.0040,39.2016,0.01683,11.35872,11.51194,0
13.2895,32.5526,5.04590,12.00062,14.10701,0
25.2280,61.7958,8.43858,18.66908,20.44163,0
26.9151,65.9282,7.48421,16.55902,18.67464,0
41.4718,101.5847,2.49291,26.23361,30.06641,0
10.8112,26.4820,0.04934,5.56916,6.51886,0
26.0631,63.8413,17.96807,20.30389,25.61506,0
21.6520,53.0364,1.52251,14.47232,16.51659,0
27.2443,66.7347,0.10951,20.16454,22.28786,0
18.6993,45.8037,1.58020,15.26835,21.01845,0
31.3591,76.8138,4.18434,14.51978,16.83974,0
29.4921,72.2407,0.61920,17.90305,20.62773,0
24.0403,58.8865,1.34195,13.13084,16.42210,0
32.5023,79.6142,0.09248,18.79418,21.71866,0
24.9551,61.1273,1.57335,16.05989,19.40406,0
38.6070,94.5675,0.01071,28.16219,33.66266,0
13.3667,32.7416,1.16651,3.14448,3.67867,0
36.2901,88.8922,1.08572,23.85661,27.90604,0
23.3873,57.2870,2.50423,18.08929,20.27973,0
34.1406,83.6272,0.84290,11.09898,13.24987,0
27.2482,66.7443,0.38401,23.49876,26.80767,0
37.0720,90.8074,0.60482,16.07174,18.75800,0
20.4599,50.1163,0.25981,2.86836,3.26634,0
15.5769,38.1554,71.73853,15.34812,17.64543,0
18.9796,46.4903,0.03944,14.05713,16.11648,0
33.3488,81.6875,1.27123,22.97484,26.77469,0
33.7475,82.6641,0.41319,21.76700,27.01655,0
15.3158,37.5158,1.07951,10.06640,12.29696,0
35.7425,87.5510,3.55804,22.32557,25.61689,0
17.1742,42.0680,0.42781,13.83468,15.91238,0
23.9904,58.7643,0.21580,12.54430,14.92715,0
41.2364,101.0082,2.75046,28.53281,33.62441,0
15.1005,36.9885,0.10594,9.11564,11.35210,0
25.0789,61.4305,0.17422,17.69902,19.53554,0
40.6283,99.5187,10.08081,21.91276,26.68385,0
46.4552,113.7915,3.34877,18.44370,23.28304,0
22.0171,53.9308,0.01402,10.39431,12.77414,0
16.8725,41.3291,32.52952,16.04380,18.48314,0
31.0972,76.1722,13.56039,22.80878,29.29989,0
27.6612,67.7558,41.42608,31.11102,34.86609,0
22.5780,55.3045,0.72032,14.30595,16.16017,0
48.3917,118.5351,3.17987,10.88816,12.41082,0
12.0691,29.5631,0.05569,6.03333,6.80818,0
11.8352,28.9901,3.77474,10.43687,11.38576,0
20.0334,49.0715,0.21211,7.93626,8.36954,0
19.9540,48.8771,1.35927,13.95732,17.38584,0
22.0069,53.9057,0.02571,13.44939,17.52462,0
35.2816,86.4218,0.52797,11.22976,13.19522,0
17.1075,41.9047,0.16989,5.22428,6.14390,0
11.5209,28.2204,0.36051,3.06910,2.68242,0
24.7583,60.6451,0.01955,19.16140,22.07306,0
29.2920,71.7504,11.45155,26.03603,30.94118,0
28.1053,68.8437,0.77217,8.86665,9.50040,0
19.0407,46.6400,1.94208,9.88012,11.41499,0
25.5941,62.6925,16.76336,11.08491,13.33836,0
27.0535,66.2673,0.80648,18.65276,22.09069,0
11.2498,27.5564,8.28766,7.54246,9.51695,0
22.8192,55.8953,2.67933,16.18463,17.54019,0
24.6806,60.4549,3.67184,7.43284,9.54146,0
33.8789,82.9859,0.29577,19.20852,21.79315,0
10.6874,26.1787,3.62827,5.93088,6.66630,0
22.5068,55.1302,0.73899,14.71889,16.71953,0
12.5346,30.7034,0.01106,6.65945,7.39206,0
34.2072,83.7901,1.99178,17.46998,21.32626,0
29.7316,72.8272,0.00018,23.52626,29.69626,0
29.1662,71.4423,0.18704,17.12418,21.35529,0
28.4821,69.7666,0.12282,9.95678,12.58615,0
33.2702,81.4950,0.71404,15.14832,16.24039,0
15.3860,37.6879,0.00006,5.73899,5.55113,0
27.9112,68.3682,0.01399,20.47525,25.15417,0
27.3918,67.0960,3.11218,22.82723,25.46673,0
14.2794,34.9772,2.13653,10.59063,13.16493,0
29.6819,72.7055,0.40763,21.24633,23.76786,0
23.5222,57.6174,3.62016,20.31653,23.43145,0
20.7275,50.7717,16.74325,15.57618,18.38125,0
31.7841,77.8548,0.21607,14.08453,14.75873,0
37.6327,92.1809,1.72287,20.10574,22.19778,0
37.0964,90.8672,0.58306,21.39482,23.52023,0
33.5497,82.1797,0.04114,20.40502,25.94723,0
24.8339,60.8304,5.98369,16.54304,19.63439,0
27.9565,68.4792,0.24778,18.28342,20.51368,0
28.9299,70.8635,0.21299,12.85072,16.09468,0
20.7553,50.8400,10.82436,18.58077,21.25417,0
19.7917,48.4795,2.70705,10.96994,11.89798,0
36.4344,89.2458,0.10383,19.45581,23.05618,0
36.2206,88.7220,1.80828,18.99333,24.06807,0
17.7206,43.4064,0.07989,13.82655,15.32305,0
42.8540,104.9705,7.93750,24.28497,28.11121,0
25.6291,62.7783,1.33847,14.49487,19.15908,0
22.3635,54.7793,1.81231,20.24225,23.17808,0
13.0185,31.8886,0.00209,6.35437,7.31423,0
37.9062,92.8510,9.75568,20.25447,24.19261,0
22.9339,56.1764,0.00071,15.51162,17.48632,0
19.9920,48.9702,0.76778,13.84989,15.93211,0
23.2303,56.9023,0.60259,18.35766,22.76277,0
33.2063,81.3384,0.47695,20.70273,23.95273,0
24.8582,60.8899,1.60784,19.11882,24.24545,0
41.3150,101.2006,0.42354,15.10091,18.35315,0
34.6003,84.7531,0.00762,17.21494,18.39224,0
25.7816,63.1517,6.25709,17.52586,20.44754,0
26.7405,65.5006,1.23378,23.83708,29.09089,0
16.1541,39.5694,3.23823,13.54522,15.26494,0
22.3050,54.6358,0.16622,13.97664,17.22172,0
29.5201,72.3093,1.57178,13.85797,17.82033,0
26.7389,65.4966,15.47312,23.22905,30.01839,0
34.0124,83.3129,2.77334,20.53329,24.80333,0
40.1482,98.3427,3.10007,12.96112,14.74633,0
24.9643,61.1498,0.09901,14.86622,16.49664,0
20.8042,50.9598,5.87513,15.59482,18.08484,0
19.5734,47.9448,0.36544,10.64807,12.68468,0
36.9060,90.4009,0.06732,21.43741,27.35366,0
22.5301,55.1872,1.24160,18.79129,22.53505,0
22.4971,55.1065,0.03826,15.07468,16.93488,0
22.0958,54.1234,0.70443,15.01683,17.64280,0
26.3599,64.5683,0.92566,19.47238,21.31889,0
46.5614,114.0518,1.51360,13.12152,13.62647,0
30.1125,73.7603,0.34175,18.08199,25.41052,0
8.6704,21.2380,0.00001,3.33164,2.78158,0
33.1726,81.2559,1.61527,14.40056,16.78712,0
38.9184,95.3301,0.98345,27.98224,34.71324,0
19.2628,47.1840,0.00052,14.74529,16.66756,0
13.4377,32.9155,0.24965,10.94560,12.01393,0
30.6430,75.0596,1.53109,15.31965,17.49744,0
15.3235,37.5347,8.50922,10.96916,11.55625,0
33.8059,82.8072,1.76402,24.02553,29.00321,0
31.2445,76.5331,0.08274,22.35118,24.89954,0
40.8199,99.9880,0.04425,25.17490,33.28130,0
31.3911,76.8921,67.02275,33.67171,39.25503,0
27.5048,67.3727,0.01054,11.50479,15.92095,0
35.0262,85.7963,1.62777,29.97120,32.59802,0
36.1764,88.6137,2.57754,27.24654,33.10047,0
19.1556,46.9215,1.22615,18.58616,20.28313,0
18.0901,44.3115,0.13645,7.12722,7.25181,0
33.5055,82.0715,2.37959,16.97272,19.70252,0
28.5821,70.0115,0.26647,12.36596,14.31995,0
24.8707,60.9206,18.72656,16.97550,20.52159,0
21.9590,53.7885,12.48291,15.96809,20.96155,0
18.9349,46.3809,0.47713,10.81635,13.19896,0
27.8083,68.1161,0.07684,16.69143,18.79299,0
27.9106,68.3667,0.22163,19.28557,23.90201,0
41.5098,101.6777,1.23445,32.81632,41.05161,0
22.1252,54.1954,0.28832,9.41042,10.92626,0
50.5118,123.7281,2.78601,23.64941,26.93728,0
15.9970,39.1845,0.22672,11.23307,12.76420,0
41.9914,102.8574,3.75974,37.02397,41.65789,0
25.9879,63.6570,0.18260,14.94275,17.31587,0
42.8073,104.8561,0.95442,18.89178,21.68588,0
28.7300,70.3738,13.82950,25.77237,32.75768,0
30.9761,75.8757,1.84467,18.95340,22.55275,0
35.4823,86.9135,1.48658,23.21816,26.40870,0
30.8619,75.5960,0.31212,11.44413,13.44930,0
24.6443,60.3660,3.39387,18.22260,19.83533,0
25.0185,61.2826,1.48089,20.08663,22.13086,0
35.8676,87.8574,0.32195,21.59898,25.17197,0
19.1328,46.8655,0.00002,10.66091,13.55444,0
18.3142,44.8604,0.28144,6.71667,7.91783,0
15.5911,38.1901,0.07870,11.00124,13.51357,0
37.4769,91.7992,0.60567,14.66361,17.85400,0
31.6550,77.5387,4.62440,23.37930,28.83969,0
39.9515,97.8609,0.97298,29.35657,35.91789,0
18.4668,45.2343,1.85324,6.08310,6.91695,0
9.2442,22.6435,16.24560,8.41264,8.63693,0
41.6130,101.9306,0.77959,24.81404,29.18915,0
26.9382,65.9849,1.47698,12.45236,15.16560,0
30.1844,73.9363,1.49845,18.08229,19.99135,0
44.3453,108.6233,1.66727,22.46459,24.74704,0
37.0334,90.7130,0.50453,27.86808,32.03639,0
19.1052,46.7980,1.00388,12.36857,15.16683,0
20.6819,50.6601,2.56328,18.89693,19.91650,0
27.4331,67.1971,0.01195,18.20272,23.27994,0
31.2383,76.5180,0.15413,17.85058,20.55385,0
28.1296,68.9032,1.23344,22.29140,26.22085,0
28.6111,70.0827,1.88425,19.51741,20.88331,0
16.3425,40.0307,0.00090,11.19203,13.46455,0
26.8945,65.8779,0.04560,11.31713,12.31621,0
27.6328,67.6864,0.40235,18.39928,21.38534,0
13.5672,33.2327,0.20620,4.21092,4.57019,0
23.9525,58.6715,0.43216,19.42185,23.50069,0
20.2206,49.5303,0.00412,9.24760,10.81435,0
31.5623,77.3115,1.49918,16.18008,18.76805,0
20.2352,49.5660,13.20835,20.11747,22.88597,0
25.5021,62.4670,0.48803,21.60894,24.70130,0
31.5739,77.3399,1.16411,17.36851,21.95153,0
31.3758,76.8546,2.34829,21.73140,25.44386,0
42.1606,103.2720,0.76956,17.37737,21.15836,0
22.3683,54.7909,0.63250,12.94519,15.58974,0
28.6787,70.2483,0.12548,18.00364,21.39411,0
30.6605,75.1025,0.78311,9.55095,11.96864,0
24.9126,61.0233,0.15224,17.89006,21.66944,0
29.3939,72.0000,3.80801,8.60137,9.52558,0
24.6582,60.3999,1.35538,14.84651,17.56490,0
21.4650,52.5782,3.80254,5.63058,4.62951,0
23.0201,56.3875,2.44652,18.17945,22.84034,0
22.9567,56.2321,0.46286,17.11744,19.32001,0
46.0073,112.6944,0.09977,22.81931,27.46102,0
32.9730,80.7671,3.16116,17.92329,22.59082,0
17.9700,44.0172,0.74379,10.35211,11.90457,0
30.5733,74.8891,1.02763,12.05898,13.10199,0
27.3455,66.9826,0.03628,9.28599,9.84982,0
21.7860,53.3645,0.82880,15.03271,17.59095,0
35.3640,86.6237,37.96744,33.59295,38.27275,0
16.5488,40.5362,0.19503,8.47789,10.32462,0
23.3821,57.2742,0.16084,10.95807,13.73945,0
27.1028,66.3880,0.28407,14.71718,15.94746,0
15.4968,37.9592,0.11841,3.77051,4.66683,0
29.7038,72.7591,0.74879,21.29572,24.92073,0
14.5314,35.5945,0.03784,7.40281,8.67785,0
42.1904,103.3451,0.87941,27.55096,31.91078,0
45.1221,110.5262,1.01970,23.55456,27.80561,0
24.4287,59.8379,1.92056,20.27469,22.45038,0
30.3026,74.2258,3.96525,19.01740,24.73778,0
23.1806,56.7805,5.22928,16.95614,20.08012,0
26.1821,64.1327,5.33366,23.24015,26.26213,0
25.2514,61.8530,0.31095,15.91248,18.60746,0
40.6851,99.6578,2.34189,22.86012,27.23800,0
21.2431,52.0347,6.75975,2.39885,2.78993,0
15.0935,36.9713,7.64754,13.19540,14.69807,0
31.5184,77.2040,0.01959,9.84536,11.02952,0
17.3140,42.4105,1.81690,15.97802,17.57639,0
40.1034,98.2328,1.10077,25.60778,31.70547,0
17.2442,42.2394,0.12459,9.77617,10.84760,0
32.6944,80.0845,1.71727,15.83841,18.82876,0
43.5698,106.7237,0.82519,20.74473,23.48561,0
47.4997,116.3501,0.29187,24.55150,30.97005,0
43.1948,105.8051,1.08186,32.99089,38.08181,0
20.9267,51.2597,1.86730,14.18686,17.88608,0
32.3927,79.3456,0.69770,18.45863,23.34701,0
22.4690,55.0376,9.73639,17.82055,20.59236,0
16.4567,40.3105,0.30701,13.19280,15.77044,0
30.8162,75.4841,14.98156,24.48666,29.00077,0
20.4594,50.1150,2.35309,17.04394,19.07559,0
22.4497,54.9904,0.04910,6.21601,5.46300,0
47.0138,115.1599,2.61593,27.90396,31.66857,0
41.5180,101.6978,0.00000,26.45615,30.97762,0
20.7567,50.8433,0.45484,13.65149,16.43585,0
30.5661,74.8713,0.87233,22.45166,26.79415,0
42.4838,104.0637,25.31905,34.81773,40.43269,0
34.0151,83.3196,0.00041,15.46645,16.32445,0
13.9103,34.0730,3.46938,15.52505,18.29839,0
29.4833,72.2191,0.59275,9.97098,10.69310,0
18.0143,44.1258,0.16291,12.28579,13.93205,0
25.2732,61.9064,0.89988,7.22784,9.07435,0
38.1881,93.5413,0.02588,12.75131,16.58564,0
29.7657,72.9107,0.46169,19.34867,22.92522,0
37.4206,91.6614,0.38140,19.04741,20.34539,0
34.7014,85.0006,8.19681,28.99200,31.74768,0
30.1797,73.9249,2.66609,19.65074,21.65934,0
26.6965,65.3928,0.18717,18.58495,20.95532,0
15.3989,37.7195,0.58865,7.29051,7.52713,0
29.9629,73.3938,0.06332,22.00306,27.01990,0
27.9118,68.3698,6.87514,26.18001,32.86874,0
23.9069,58.5598,1.38443,9.31759,11.38215,0
36.1236,88.4844,43.38959,24.69425,28.75900,0
23.3489,57.1929,0.08415,11.05595,12.09815,0
11.4515,28.0502,0.07748,10.58059,10.85186,0
26.5957,65.1460,0.01996,17.04392,21.09231,0
33.8888,83.0103,0.13613,24.56981,30.20469,0
37.5133,91.8884,0.27256,21.65312,25.44256,0
23.2563,56.9661,1.01430,11.59390,14.61807,0
29.6393,72.6013,0.00000,17.57143,22.79205,0
11.8681,29.0708,0.00026,4.48070,4.48218,0
33.4346,81.8977,1.47878,18.74581,21.32753,0
31.0013,75.9373,1.58441,19.68944,22.29449,0
42.4150,103.8951,3.27803,23.80054,26.85780,0
35.8997,87.9360,0.06090,17.39138,20.17243,0
28.4535,69.6965,0.18305,15.61860,19.37094,0
20.3766,49.9123,0.70075,15.18326,16.98994,0
24.8089,60.7690,0.32233,13.97362,16.10084,0
27.4564,67.2542,1.53556,15.23656,18.59174,0
20.4484,50.0882,0.30176,10.44703,11.71958,0
28.3584,69.4636,1.56945,24.12426,29.61852,0
26.1201,63.9808,0.94645,16.48533,19.13438,0
36.5121,89.4359,0.75136,19.07001,22.40415,0
35.5247,87.0174,0.26161,24.59533,28.24872,0
35.5348,87.0422,1.56483,14.79622,17.30622,0
33.6880,82.5184,2.85884,6.21084,6.43935,0
21.4174,52.4616,0.65868,9.01642,10.63354,0
22.5376,55.2055,0.68393,13.02462,14.25043,0
31.7001,77.6490,0.15527,24.32146,30.99058,0
33.4198,81.8615,20.29328,22.55714,25.67005,0
35.9602,88.0841,2.48414,25.21042,31.33364,0
39.9002,97.7352,0.00021,26.61640,33.37191,0
16.3465,40.0405,0.00648,7.77333,7.54415,0
30.7545,75.3329,0.21357,23.74191,28.59172,0
31.8273,77.9607,0.80675,20.38614,25.28080,0
25.0906,61.4593,7.38793,14.05969,16.70843,0
18.4159,45.1096,0.02884,17.64084,19.70463,0
33.6687,82.4711,1.10513,18.10846,19.08039,0
14.9610,36.6467,0.55029,5.62792,5.89188,0
42.3339,103.6964,0.22756,25.60713,30.64486,0
19.7847,48.4625,0.01103,9.74236,11.17900,0
33.1887,81.2953,0.29852,20.83153,25.06864,0
39.6966,97.2363,4.35883,30.08078,35.92970,0
32.2065,78.8895,10.79985,19.11993,22.60026,0
30.2376,74.0666,0.12686,14.91120,17.79997,0
26.6767,65.3444,2.50640,20.23969,25.30286,0
22.9558,56.2301,0.54189,16.26957,19.35378,0
47.9450,117.4407,1.01465,21.52946,23.72590,0
17.4661,42.7831,0.74148,5.93065,7.63666,0
25.7076,62.9705,1.45589,17.89523,19.78756,0
33.8793,82.9870,1.16819,22.39509,25.47079,0
31.3726,76.8470,1.27299,18.62355,21.52855,0
12.5540,30.7509,0.51682,5.79721,5.92516,0
29.3215,71.8228,3.30939,13.21720,14.30526,0
20.8176,50.9925,1.55881,8.76983,10.53762,0
24.9442,61.1006,1.29045,14.76111,17.21989,0
22.7385,55.6977,0.81001,14.03773,14.94038,0
25.0176,61.2803,1.11362,20.45040,23.78050,0
12.9079,31.6177,24.93380,13.15759,15.18077,0
53.6804,131.4895,2.51123,26.30747,31.92637,0
40.3874,98.9285,2.75977,27.70812,30.27316,0
16.3337,40.0092,0.32715,11.06933,13.13540,0
20.2297,49.5524,8.13509,15.72173,19.26300,0
46.3742,113.5932,0.29737,31.82371,37.77483,0
30.2703,74.1468,1.25862,28.76144,34.17078,0
30.0204,73.5345,0.16443,20.15021,24.32962,0
26.4983,64.9074,2.92637,10.27550,11.98908,0
20.8574,51.0900,1.47220,7.47419,8.33875,0
34.6316,84.8297,57.04539,23.60200,31.09428,0
33.1835,81.2826,1.23771,25.57080,28.66644,0
37.2521,91.2486,1.84059,27.69220,34.07425,0
34.5443,84.6158,11.86227,21.68657,24.14334,0
40.4133,98.9919,3.15264,29.47551,37.13544,0
20.0918,49.2148,22.87378,21.17763,25.29925,0
27.3195,66.9188,16.30680,14.35562,18.02473,0
27.2186,66.6716,0.00370,20.61216,25.25824,0
50.5838,123.9044,3.85852,29.61163,33.81570,0
23.3175,57.1159,0.32405,16.50855,19.82021,0
29.9667,73.4031,0.11406,19.89072,23.52605,0
50.6546,124.0779,0.05100,25.18112,30.46847,0
22.5746,55.2963,5.66511,14.05980,15.89724,0
38.9407,95.3847,1.68186,17.53499,21.09537,0
23.1985,56.8246,2.01653,18.82556,23.37605,0
24.5562,60.1500,0.00002,8.04794,8.47825,0
19.5600,47.9120,0.28161,11.24161,13.70637,0
29.5306,72.3349,0.08836,14.78110,17.26449,0
37.9536,92.9670,2.19823,22.89301,26.81460,0
20.4612,50.1195,0.29914,10.36102,12.00804,0
18.5260,45.3792,1.61004,12.55424,16.69963,0
29.3652,71.9298,0.90367,19.35989,22.28598,0
41.3026,101.1704,1.72036,20.29986,23.90578,0
30.3287,74.2899,0.17067,16.21622,17.97618,0
15.7690,38.6260,0.96914,11.50396,13.33148,0
42.4552,103.9935,3.22937,20.76540,26.30581,0
39.0437,95.6372,1.60258,10.33501,10.87364,0
11.7588,28.8030,0.59990,4.11487,4.16294,0
39.4100,96.5343,2.49802,15.22901,17.40620,0
33.6819,82.5034,0.13525,16.40463,19.04237,0
30.9342,75.7729,0.03809,16.69319,21.35986,0
49.4726,121.1827,0.85889,28.44983,35.61911,0
32.8770,80.5318,0.70694,28.83763,33.37757,0
16.3808,40.1245,0.05452,10.94707,11.19973,0
28.6336,70.1378,2.73685,8.66555,10.53416,0
16.2132,39.7142,0.09196,11.44120,13.22643,0
15.8098,38.7260,2.37736,10.70859,11.86065,0
19.8697,48.6706,0.57495,18.48448,19.62269,0
29.1504,71.4036,0.00780,19.95250,23.82404,0
28.0279,68.6540,1.19609,12.57069,14.33202,0
30.7907,75.4216,0.79785,16.05700,18.00506,0
31.1415,76.2808,5.20377,10.79928,11.13861,0
12.8068,31.3701,2.85545,8.22914,9.87379,0
34.5185,84.5527,0.00135,19.31694,24.25064,0
26.1826,64.1339,10.55651,19.51535,22.75472,0
41.3250,101.2252,0.42952,29.17436,36.12682,0
14.0303,34.3671,0.03316,6.91982,7.92623,0
26.0364,63.7760,3.25016,14.33024,18.68766,0
17.7762,43.5426,3.11128,11.97516,12.70663,0
25.6684,62.8745,4.23307,22.24339,25.81073,0
25.6683,62.8742,5.45369,8.98274,10.93155,0
22.0005,53.8901,1.55744,17.88465,21.15573,0
34.1343,83.6115,0.06390,26.69093,29.05047,0
25.3974,62.2106,0.22437,16.75881,20.19955,0
39.9121,97.7644,0.50586,29.70175,34.31841,0
8.0000,19.5959,3.63345,4.43674,4.00806,0
42.3874,103.8275,0.02577,13.70191,16.18971,0
43.8818,107.4879,1.50733,27.84697,35.14068,0
13.9648,34.2067,0.04033,11.50535,11.78321,0
26.3999,64.6663,0.06340,12.33810,16.48869,0
35.1260,86.0408,34.65626,30.63094,35.68173,0
27.3915,67.0952,0.11972,17.63324,21.37419,0
32.5689,79.7773,0.49534,21.11650,22.79941,0
30.0977,73.7239,3.24886,20.06612,25.33312,0
40.1184,98.2696,9.47772,27.80322,32.03233,0
30.3052,74.2322,0.02596,23.15460,28.63826,0
17.8655,43.7614,12.01578,15.21144,18.31218,0
36.5560,89.5436,1.20069,24.67441,28.52772,0
40.9366,100.2739,1.15981,21.52344,26.41392,0
15.3708,37.6506,1.17439,11.67519,11.51187,0
28.6154,70.0931,1.44880,16.60245,20.10894,0
16.0950,39.4245,9.22550,13.36189,15.46530,0
28.4533,69.6962,1.76298,19.40546,24.30238,0
20.9114,51.2224,0.12807,11.90317,13.92769,0
50.7314,124.2661,5.73266,16.03642,17.67080,0
28.2892,69.2941,0.31213,12.05075,14.74074,0
20.0928,49.2170,8.25633,14.70093,17.81130,0
20.2840,49.6854,0.73848,6.16696,6.40190,0
16.8353,41.2379,0.17445,13.81992,15.59759,0
38.3642,93.9728,1.41025,29.93504,34.74146,0
22.4374,54.9602,0.86610,14.01345,17.19928,0
29.4805,72.2121,1.20612,22.71012,27.12408,0
31.8764,78.0809,53.48548,26.77343,32.25253,0
46.7448,114.5010,0.00392,28.63510,33.70998,0
22.7062,55.6185,4.62981,16.65777,21.36730,0
17.9243,43.9054,1.11584,8.63671,8.91082,0
28.0448,68.6954,2.52307,20.50181,22.00713,0
36.6908,89.8737,0.51684,18.16241,22.06529,0
25.8033,63.2048,6.32498,12.32372,14.08543,0
19.4271,47.5864,9.82013,16.94761,20.75670,0
40.8319,100.0173,7.66572,23.88171,29.33011,0
49.1407,120.3696,4.13907,33.31152,39.88603,0
29.9518,73.3667,0.01417,20.57316,22.52186,0
26.6167,65.1974,0.13256,14.58093,18.22533,0
21.1397,51.7816,0.15056,15.53139,18.17331,0
44.7990,109.7347,3.06305,27.95516,34.65444,0
28.5984,70.0515,2.07183,17.96668,20.90949,0
28.3488,69.4400,1.41810,15.58787,18.39905,0
32.7306,80.1732,0.02151,11.35101,13.57004,0
31.5910,77.3818,0.04668,25.35048,30.83273,0
29.8147,73.0307,4.91311,21.79139,25.99156,0
17.6966,43.3477,0.33512,8.63636,10.28196,0
37.0806,90.8287,0.70655,20.82155,23.47407,0
32.8498,80.4651,0.01256,22.72617,30.16337,0
28.4574,69.7061,1.18010,10.62280,12.75135,0
12.7905,31.3301,4.10041,12.48093,13.27584,0
34.8513,85.3679,0.24809,11.09443,13.41701,0
28.8214,70.5977,0.08833,22.25091,25.07291,0
35.8914,87.9157,0.93729,25.99011,33.15431,0
25.8348,63.2820,0.28119,12.72929,14.95168,0
20.3147,49.7606,0.42296,9.79176,10.73471,0
28.2752,69.2598,2.87053,13.64453,15.64428,0
32.3507,79.2427,2.27316,11.60292,12.37334,0
37.6977,92.3400,2.66492,17.52992,21.77315,0
28.1974,69.0693,1.14928,16.44684,21.59974,0
12.1431,29.7443,0.03753,6.92771,9.26617,0
40.0859,98.1901,1.40179,16.00226,17.27659,0
20.8205,50.9995,2.13714,16.31422,18.87411,0
35.5959,87.1917,0.84651,21.54795,25.51036,0
11.3079,27.6987,1.21713,4.83848,5.17080,0
25.5621,62.6142,0.90319,15.20809,16.34967,0
8.1808,20.0387,0.11528,2.25693,3.18077,0
37.6233,92.1579,1.61785,23.43583,29.26670,0
33.4386,81.9075,0.73945,24.51702,28.84596,0
28.6248,70.1161,0.82241,21.98308,24.31328,0
25.9538,63.5735,2.26198,18.56960,21.24325,0
41.6003,101.8995,0.00923,24.16321,29.49196,0
31.1679,76.3454,2.03264,9.60994,9.50207,0
22.1542,54.2664,1.14462,10.26198,12.13666,0
34.5553,84.6428,0.12841,13.14422,15.54977,0
21.0482,51.5573,0.71795,10.45144,11.80290,0
47.4313,116.1825,0.59153,30.82226,35.17472,0
25.0611,61.3870,0.24165,17.20922,19.59840,0
20.7172,50.7467,0.31488,16.17169,18.82954,0
38.3945,94.0469,1.15870,25.48887,30.80576,0
25.3630,62.1264,7.89720,19.84915,21.23973,0
20.8152,50.9867,1.36061,18.95739,23.21197,0
18.0299,44.1642,1.43981,13.68142,16.59374,0
10.9671,26.8638,0.38233,4.26654,3.16488,0
14.0852,34.5015,3.47271,11.60730,14.05917,0
31.6990,77.6463,2.31436,18.84254,21.62756,0
29.1973,71.5186,0.40858,23.51637,30.13335,0
46.3765,113.5988,0.78325,30.35393,31.01547,0
34.9453,85.5981,0.45900,19.76189,24.57113,0
27.5468,67.4756,0.01028,18.01604,22.48241,0
22.5541,55.2459,0.13295,10.47036,12.79325,0
23.0494,56.4593,1.92358,9.56274,12.06235,0
29.6124,72.5353,6.37130,20.74521,23.92119,0
33.6686,82.4708,2.00042,20.36357,24.97001,0
33.2697,81.4938,0.06257,18.32944,21.92140,0
39.0204,95.5800,0.13825,25.33695,29.37832,0
50.5644,123.8570,0.46953,27.72033,36.43036,0
22.6326,55.4384,1.44150,20.78886,24.25203,0
12.3262,30.1929,3.35170,10.12107,11.96702,0
25.6259,62.7704,0.74411,13.81391,17.14481,0
21.4383,52.5129,0.01277,12.97427,15.17063,0
16.3050,39.9388,0.22540,9.65939,10.03105,0
10.0283,24.5641,0.72428,6.86619,8.41561,0
18.9493,46.4162,0.70103,13.83229,15.62332,0
30.3971,74.4574,8.89917,22.48632,29.18028,0
42.5297,104.1760,0.64257,29.34827,36.01207,0
14.0985,34.5341,0.10962,11.47460,14.38601,0
26.3234,64.4790,111.87327,22.69922,28.36333,0
24.1527,59.1619,0.49006,16.42075,19.61079,0
21.7189,53.2002,0.13068,15.58937,17.51573,0
13.6320,33.3914,0.43333,6.36115,7.70318,0
12.7917,31.3330,1.91708,9.92715,13.22854,0
29.8274,73.0618,0.96438,20.38667,21.77986,0
28.4211,69.6172,0.21407,18.24661,24.34939,0
30.8710,75.6182,0.38992,21.21586,25.32729,0
20.0940,49.2201,2.16542,17.59185,19.88304,0
26.8706,65.8192,0.04000,15.07318,18.63356,0
20.2171,49.5215,1.94617,12.40934,13.88076,0
28.8813,70.7446,0.94816,16.19916,20.70444,0
16.8191,41.1983,2.38146,7.98215,7.65950,0
26.9674,66.0563,0.31141,23.96856,25.71564,0
42.6456,104.4601,1.88807,20.91911,26.39118,0
18.3309,44.9013,0.00554,11.92607,14.89986,0
9.6662,23.6773,0.00515,8.79634,9.59572,0
36.4740,89.3427,0.78883,18.91898,23.12759,0
17.0497,41.7629,0.04522,10.76377,11.58486,0
17.4269,42.6871,23.81637,13.96139,16.10594,0
25.7773,63.1413,9.72440,19.17324,21.66426,0
33.9789,83.2309,0.15492,19.08142,23.72404,0
13.2202,32.3827,4.37166,7.52311,9.20777,0
34.3130,84.0493,1.01074,24.57271,29.72333,0
17.5637,43.0220,2.89666,14.13561,17.44281,0
35.6392,87.2979,0.86109,24.86728,28.40227,0
45.1858,110.6822,0.00158,29.88704,33.95038,0
40.6878,99.6644,0.11445,18.21360,20.94312,0
25.7655,63.1123,2.89441,19.98238,23.92573,0
14.8169,36.2938,0.05862,11.23459,12.66520,0
32.2858,79.0838,0.15294,19.00882,22.43631,0
41.0106,100.4550,0.00220,26.92942,32.50714,0
32.6455,79.9649,0.13044,16.14376,20.08016,0
51.1403,125.2677,0.21475,34.80285,43.34553,0
40.4123,98.9895,1.45951,16.40794,20.03643,0
21.2784,52.1212,0.30971,16.45655,18.91523,0
23.1448,56.6930,0.05670,15.37504,15.80011,0
39.4805,96.7070,4.77279,27.66115,33.97194,0
29.7271,72.8162,1.26436,21.44419,26.71406,0
48.2678,118.2314,0.74407,32.57246,37.26717,0
30.9018,75.6937,0.11401,26.65541,29.38050,0
17.9008,43.8478,6.97772,15.80761,18.50896,0
31.4201,76.9631,0.55254,22.95492,24.06772,0
29.6285,72.5747,0.64123,20.14769,22.83998,0
31.7533,77.7794,12.23128,24.62269,30.96795,0
25.7042,62.9622,0.16467,20.92273,23.32170,0
32.3261,79.1825,0.04506,18.17980,19.21283,0
20.6470,50.5746,1.75991,16.12860,19.56805,0
8.0000,19.5959,0.10504,4.68362,5.44642,0
31.0188,75.9803,0.71250,17.14239,16.43794,0
36.8075,90.1597,0.29032,16.70886,18.92118,0
29.3307,71.8453,5.55936,22.74234,27.23511,0
37.1295,90.9483,0.05516,19.47378,23.47465,0
30.0214,73.5371,0.49376,12.31583,14.87453,0
16.5860,40.6273,0.35257,11.48395,13.03265,0
41.3844,101.3706,0.64748,20.79530,25.22764,0
11.9221,29.2031,0.32828,1.47174,1.72355,0
27.7319,67.9290,0.86422,18.86736,22.59379,0
19.1569,46.9246,1.44449,8.53231,10.64256,0
21.3170,52.2157,0.46265,8.72295,9.37407,0
24.0374,58.8793,0.38707,15.94875,18.66727,0
33.0490,80.9532,0.25470,20.99967,24.72419,0
24.2296,59.3501,0.00122,13.61369,13.30825,0
13.0169,31.8849,0.18434,8.90303,9.56041,0
24.7389,60.5977,0.25302,9.87609,9.87457,0
33.0938,81.0630,1.81621,18.52528,22.14417,0
22.5880,55.3290,1.12796,7.56652,8.77726,0
20.5416,50.3165,3.94604,19.14749,20.44918,0
22.4530,54.9984,0.93458,13.83498,16.65608,0
19.9575,48.8856,1.48424,7.88962,8.85806,0
26.3812,64.6204,0.12967,20.05910,23.28061,0
20.2021,49.4848,7.13693,16.00039,20.20977,0
20.3631,49.8792,0.05488,14.62756,16.15570,0
42.1093,103.1463,0.52713,17.74719,20.28475,0
37.4427,91.7155,1.09944,9.40144,10.07789,0
21.3958,52.4088,0.19617,13.72001,15.88763,0
29.0836,71.2399,1.04654,15.49280,16.94888,0
15.8931,38.9299,0.11690,13.35816,15.20166,0
34.3751,84.2015,0.25891,18.09180,20.54581,0
18.6645,45.7186,0.37123,14.59546,16.98175,0
17.3054,42.3893,0.26378,6.75417,8.16480,0
20.8471,51.0648,0.40700,15.16958,19.42979,0
28.4925,69.7921,0.40796,19.35629,21.72555,0
42.5824,104.3052,1.31807,18.74758,21.87034,0
20.2689,49.6484,4.04463,16.19618,20.13428,0
12.0219,29.4475,3.08872,11.14689,12.19066,0
18.7567,45.9443,1.25999,12.31967,14.93698,0
30.8632,75.5991,0.37310,17.45255,19.34938,0
56.6185,138.6865,8.13527,14.44079,18.13384,0
20.8849,51.1573,0.57718,8.13163,8.46436,0
68.1693,166.9800,5.23224,18.55498,20.96447,0
31.7997,77.8930,0.00128,8.98568,11.57991,0
30.8104,75.4698,0.69238,15.33457,17.84088,0
28.7225,70.3555,0.69620,16.20824,19.34295,0
40.5078,99.2234,2.24091,15.13739,15.68412,0
8.5318,20.8986,1.57953,5.05252,6.12062,0
32.9735,80.7681,0.16461,15.85033,20.28630,0
30.0834,73.6889,6.23704,20.73113,24.81630,0
25.0231,61.2937,0.00165,16.61190,19.18615,0
11.4309,27.9998,0.59790,7.63885,8.79156,0
17.5068,42.8828,0.46608,11.83213,13.56932,0
42.0498,103.0005,0.42652,20.84900,24.81501,0
11.5623,28.3216,0.40615,9.95996,10.97504,0
23.5047,57.5746,4.97958,18.91267,21.43385,0
17.4780,42.8122,1.97586,13.16344,15.22325,0
26.9746,66.0741,1.00289,12.93010,13.76891,0
18.7978,46.0451,0.13469,12.78392,15.42492,0
15.0032,36.7501,0.28119,8.56678,9.62300,0
31.2824,76.6259,1.26674,22.02288,24.95728,0
23.8783,58.4895,0.52841,18.55572,22.82641,0
31.4447,77.0234,0.52808,21.34806,25.23011,0
29.7471,72.8653,0.11937,12.35374,14.41284,0
29.0513,71.1609,37.74538,21.52498,27.60968,0
29.7717,72.9255,5.85788,20.19665,22.16406,0
13.9310,34.1239,0.59639,11.28752,13.00178,0
29.2554,71.6608,0.81332,15.98150,17.14217,0
28.6962,70.2910,0.18376,20.82801,22.89698,0
10.1736,24.9202,26.28576,10.60178,10.86899,0
32.8247,80.4039,3.02734,18.41664,21.04507,0
41.5063,101.6693,2.18108,21.88906,26.33751,0
32.9309,80.6638,6.07066,27.46473,32.75633,0
15.1072,37.0049,2.44959,10.07435,12.68255,0
21.5837,52.8691,1.06210,14.42097,17.94667,0
25.2826,61.9296,0.24752,16.79499,19.99672,0
24.1693,59.2025,2.24749,9.19519,10.90477,0
26.1214,63.9840,0.12740,19.67758,23.87655,0
17.8285,43.6708,10.73508,15.00756,18.32419,0
16.8547,41.2855,0.39823,9.60869,11.78243,0
23.6643,57.9656,1.73803,7.64126,8.96925,0
40.4897,99.1792,0.98153,20.01169,22.87455,0
21.4345,52.5036,0.02092,13.94814,15.25871,0
22.3725,54.8012,0.00556,14.60336,16.86926,0
29.8059,73.0093,0.32220,18.51317,21.60860,0
40.5914,99.4282,0.24477,17.30826,19.43247,0
36.7584,90.0394,1.28681,20.76619,25.12728,0
41.4525,101.5375,1.11632,23.49512,29.36422,0
27.1403,66.4798,0.28253,11.69643,13.91123,0
27.2839,66.8317,0.50012,15.68915,18.56551,0
12.7250,31.1698,0.07351,3.92081,5.16450,0
26.0125,63.7174,0.08366,12.71847,14.17540,0
31.9186,78.1842,2.00176,20.35655,25.45943,0
26.2243,64.2362,0.17966,19.84128,22.50634,0
22.7524,55.7318,0.93845,9.35142,9.72385,0
30.0861,73.6955,0.53071,16.55212,19.84587,0
36.1834,88.6309,0.61956,22.40758,24.33868,0
21.2053,51.9421,3.06770,17.34179,20.68980,0
11.2634,27.5896,0.01889,5.83236,6.02415,0
24.8289,60.8181,0.14718,11.60072,13.47934,0
21.5335,52.7460,0.12044,14.68620,17.19083,0
23.4652,57.4778,6.66540,18.18797,22.53599,0
32.5714,79.7833,0.17192,17.80563,22.52190,0
32.9556,80.7244,2.30828,8.16373,10.60036,0
27.9808,68.5387,0.03312,17.43656,18.97776,0
28.0396,68.6828,1.60006,18.02474,20.48274,0
23.3830,57.2763,7.61165,16.52635,19.29456,0
11.3024,27.6851,0.28980,4.01839,4.15433,0
18.9713,46.4701,102.02377,24.57142,29.40446,0
46.6067,114.1626,0.76548,13.07757,16.00432,0
33.3140,81.6022,0.05609,19.82579,22.61231,0
31.3723,76.8462,6.77377,17.54970,20.55863,0
13.8394,33.8995,0.19978,7.99765,8.73648,0
38.2728,93.7489,0.02107,21.79277,25.68200,0
26.2636,64.3323,0.09670,18.65425,20.89203,0
31.5935,77.3881,0.01691,18.41382,22.26407,0
32.8848,80.5510,6.55352,21.69920,24.90080,0
15.4882,37.9383,2.21670,10.67988,11.46640,0
24.9180,61.0363,0.49192,18.75161,21.72913,0
9.3060,22.7949,0.30111,6.58334,7.26953,0
16.7591,41.0512,0.37633,13.79164,16.88930,0
34.3347,84.1026,0.06351,13.95613,14.98632,0
26.1786,64.1243,0.67522,17.57012,20.73799,0
33.6178,82.3464,0.61769,20.47716,23.96184,0
30.7144,75.2346,1.48744,16.81702,18.70496,0
9.8397,24.1022,1.53953,8.78156,10.69111,0
22.1322,54.2126,3.31046,18.06559,23.59730,0
22.8925,56.0748,1.06415,20.49742,22.42012,0
22.5908,55.3361,0.28970,16.63532,19.07793,0
27.6268,67.6717,0.02188,16.50377,20.53716,0
41.1655,100.8345,0.23467,29.77119,33.73914,0
27.1592,66.5263,0.47927,10.70300,12.38028,0
31.0147,75.9703,0.25895,18.06923,20.66798,0
36.2812,88.8705,0.86894,16.82274,19.33311,0
19.5427,47.8698,0.00650,8.74929,9.38107,0
37.4493,91.7317,7.77431,26.02364,28.34856,0
29.2161,71.5645,0.02819,17.48847,22.25296,0
26.2716,64.3519,0.02098,23.01550,27.22496,0
32.8547,80.4771,0.64240,26.77336,33.16570,0
13.8823,34.0047,0.04388,7.29826,6.91567,0
40.8096,99.9627,0.01091,26.58484,30.83520,0
35.0446,85.8413,0.00173,24.11524,29.08826,0
37.5187,91.9017,2.76278,19.09292,22.20816,0
35.6433,87.3078,15.03911,23.33459,28.43681,0
30.1194,73.7771,1.33897,20.19266,26.66922,0
31.1358,76.2668,1.04368,20.31714,24.53900,0
17.9879,44.0611,1.67590,16.08797,16.62101,0
43.6962,107.0335,1.24773,20.56207,24.51868,0
30.6931,75.1825,0.84856,19.47310,23.56677,0
21.8380,53.4920,3.49923,19.61106,22.33700,0
26.5118,64.9404,0.08830,15.25852,16.89921,0
25.3742,62.1538,2.11428,9.11060,10.30594,0
39.9847,97.9421,0.00170,22.10757,25.44027,0
27.9904,68.5622,0.01811,18.41853,21.74509,0
28.8871,70.7586,10.43049,24.41459,27.68835,0
24.2170,59.3192,0.72541,19.60423,22.26043,0
41.6073,101.9166,0.17384,24.33731,28.82720,0
13.3976,32.8173,0.69664,5.80910,6.49523,0
20.5448,50.3244,2.94201,11.79383,13.71703,0
32.0899,78.6040,0.63579,21.07148,26.28915,0
26.7166,65.4419,0.17555,18.19849,19.99373,0
26.8094,65.6694,0.10019,23.11622,27.55085,0
14.2202,34.8323,0.06237,3.87838,5.35858,0
35.6898,87.4218,0.06322,16.49070,18.72487,0
24.0553,58.9232,0.02362,7.38762,8.89463,0
35.3066,86.4831,0.73987,22.04200,24.67883,0
37.9314,92.9126,1.45761,12.53956,13.55839,0
13.3238,32.6366,0.19612,11.22580,12.34654,0
29.5627,72.4136,2.99522,22.72144,29.56309,0
15.3059,37.4916,0.22042,5.38112,6.79275,0
33.6802,82.4992,0.42425,26.19855,31.92238,0
27.8342,68.1795,4.37229,13.65125,16.25096,0
31.4606,77.0625,2.34934,25.14220,26.92921,0
29.7197,72.7980,2.28561,22.21624,27.79216,0
31.6393,77.5002,5.03255,10.34081,14.28199,0
33.0686,81.0012,2.65701,18.54222,20.01817,0
33.7090,82.5699,0.57700,11.01368,12.69808,0
20.1476,49.3514,3.27535,16.88809,19.86449,0
33.3254,81.6301,0.51949,19.28310,23.03821,0
28.3764,69.5078,0.15389,15.27553,16.89284,0
32.4625,79.5165,1.67580,31.38133,38.55674,0
56.4857,138.3612,1.81905,15.61483,17.46117,0
24.9016,60.9961,1.44717,8.02425,9.72424,0
41.1323,100.7532,0.21409,28.41846,32.63098,0
17.3592,42.5211,2.80379,8.33921,10.09727,0
26.4275,64.7338,0.88836,16.58417,19.98449,0
33.9820,83.2385,0.96692,18.92247,22.02154,0
30.4942,74.6951,4.30386,12.41952,14.82543,0
28.3374,69.4122,1.89118,23.20345,26.47994,0
28.0339,68.6688,0.11410,22.92018,26.35295,0
26.5374,65.0030,0.28859,18.01822,21.98638,0
11.1858,27.3995,2.24178,7.71014,10.00188,0
11.3495,27.8005,1.32967,10.29060,11.29313,0
32.3196,79.1666,0.23376,25.33178,28.32808,0
27.0756,66.3214,1.03223,24.16881,30.59457,0
32.8228,80.3991,3.38329,21.45858,27.38018,0
47.3274,115.9279,0.09131,13.93157,15.43928,0
19.3519,47.4023,0.03737,6.77820,9.12499,0
31.1770,76.3678,0.19806,22.03478,25.03146,0
19.9866,48.9570,2.34620,6.24138,7.56897,0
11.7712,28.8334,0.14310,6.96875,8.68660,0
37.9761,93.0220,0.22165,26.86052,31.36779,0
32.6418,79.9558,34.05559,23.57741,28.53263,0
41.6692,102.0684,0.01431,16.89418,21.74591,0
18.8785,46.2427,0.19768,7.87007,10.35491,0
24.3823,59.7241,0.62961,12.91529,15.50722,0
41.2459,101.0313,0.54943,30.89476,35.49903,0
37.0213,90.6833,1.54707,18.95043,23.92965,0
37.2833,91.3251,0.07580,20.24648,22.71729,0
28.4849,69.7735,0.29980,24.12436,27.97237,0
44.3164,108.5525,0.02328,28.90165,33.98510,0
48.3557,118.4467,0.08308,30.14354,36.55141,0
15.4180,37.7662,0.14613,10.60852,11.87754,0
31.4935,77.1429,5.90333,27.29113,30.65528,0
12.0990,29.6364,0.33559,8.07776,9.46441,0
39.6064,97.0156,2.71449,24.56682,29.26361,0
16.6932,40.8899,0.05655,12.65102,15.21789,0
28.8610,70.6948,0.46774,12.44507,13.96121,0
32.9014,80.5916,0.76497,16.75419,19.10553,0
35.6423,87.3054,1.61190,21.55031,27.51873,0
44.2735,108.4476,0.10970,13.33255,12.96656,0
29.8244,73.0546,1.65489,12.01726,13.59651,0
29.7295,72.8220,0.61787,21.22913,27.72795,0
8.0000,19.5959,72.64986,9.43450,9.18922,0
20.9186,51.2399,18.90958,20.20237,23.10101,0
37.4156,91.6491,0.05918,22.14098,26.05170,0
32.6535,79.9845,0.89146,15.20387,19.08902,0
23.8649,58.4568,1.92736,16.87620,20.14287,0
28.4514,69.6915,0.07561,18.59376,21.65998,0
22.8140,55.8827,0.06926,7.68707,10.41304,0
30.8948,75.6766,1.51657,12.97748,15.59385,0
32.0580,78.5258,11.64625,15.14408,20.48407,0
27.3487,66.9903,0.18163,18.47245,21.70055,0
9.7689,23.9289,3.81631,8.45775,9.79424,0
41.3980,101.4041,0.47249,17.48838,22.20039,0
20.9538,51.3262,0.07105,12.12817,14.57503,0
28.0909,68.8084,3.42560,22.26664,27.29350,0
33.3367,81.6579,1.43542,20.42078,23.69673,0
29.0978,71.2748,0.55830,20.38380,25.15531,0
45.6792,111.8907,0.75224,27.18274,32.27043,0
40.2939,98.6995,0.04180,17.89350,20.79546,0
17.7742,43.5378,7.31966,13.56606,14.97175,0
27.4815,67.3156,0.16909,19.16505,26.07332,0
10.7947,26.4416,0.08234,4.35949,6.51907,0
15.1974,37.2260,2.27631,6.88091,7.64224,0
18.7249,45.8666,1.82380,5.42612,4.21963,0
16.7592,41.0514,0.54060,7.41510,8.10252,0
33.3087,81.5893,1.43459,23.54730,26.23688,0
17.8563,43.7389,0.91699,14.04919,17.20704,0
19.0667,46.7037,1.09024,13.21875,15.33206,0
28.4438,69.6728,0.07353,9.83552,10.67348,0
28.6890,70.2734,1.77887,16.51303,20.67976,0
30.4868,74.6772,1.07921,23.64681,29.30488,0
20.3465,49.8386,2.88218,12.81230,16.92762,0
30.2238,74.0329,0.07032,20.84037,27.46243,0
25.5901,62.6826,1.01873,9.91977,10.96051,0
21.7748,53.3371,1.37080,9.15772,10.12779,0
26.8241,65.7054,59.67178,23.63561,29.15976,0
43.1537,105.7046,1.77564,17.54909,20.42485,0
25.2406,61.8266,0.44594,9.12205,10.24072,0
28.4893,69.7843,14.28385,19.85544,22.85817,0
27.3268,66.9366,2.25416,17.74136,21.84808,0
19.4012,47.5230,4.10624,16.46938,19.29270,0
22.8954,56.0821,0.62255,13.78563,16.69160,0
15.6010,38.2144,0.00721,6.00982,6.18723,0
25.3521,62.0997,5.13895,18.76522,22.01175,0
18.4448,45.1803,0.00032,6.31974,6.83260,0
31.0454,76.0454,0.01737,17.31933,21.02493,0
21.6114,52.9369,0.15261,11.09038,11.81145,0
36.9666,90.5494,1.93746,29.20467,36.69285,0
21.0322,51.5182,0.00619,11.29043,13.64313,0
30.8170,75.4859,0.00001,14.66755,16.73567,0
12.3330,30.2097,0.04991,6.87634,7.86104,0
34.1041,83.5376,0.26724,23.16261,24.14739,0
10.8886,26.6716,2.53658,7.66099,8.30993,0
22.0188,53.9349,0.53829,18.27817,23.93014,0
10.8929,26.6819,0.01332,8.53260,9.61216,0
12.8480,31.4711,5.86997,10.61010,12.17755,0
12.2213,29.9359,0.04940,4.94038,4.83137,0
22.8145,55.8839,8.82028,18.07647,19.62271,0
13.4037,32.8323,4.37666,10.96876,12.92231,0
19.8930,48.7276,0.24142,16.88711,21.41601,0
34.8246,85.3024,1.22730,22.41007,26.46845,0
34.3431,84.1230,5.34399,13.84094,18.42083,0
34.8258,85.3054,3.78464,28.24202,34.50542,0
16.9599,41.5431,1.76834,14.61235,17.05279,0
33.1468,81.1929,0.02005,19.21085,22.85628,0
23.3442,57.1813,0.06990,13.17151,14.82827,0
37.4037,91.6199,0.01245,25.71411,30.20552,0
27.5890,67.5791,9.93857,25.34691,31.44538,0
12.3521,30.2564,5.40249,9.77047,11.10166,0
14.8017,36.2566,0.00765,7.38507,7.53274,0
32.9966,80.8248,1.53190,8.82529,9.35077,0
24.9155,61.0304,1.23245,17.08818,18.60781,0
25.9701,63.6135,1.22515,12.34977,15.74777,0
28.7277,70.3682,1.32470,12.53602,15.33708,0
32.6119,79.8826,0.26728,21.75588,27.89649,0
33.4123,81.8430,0.01100,18.18737,21.87550,0
24.0838,58.9931,5.02369,18.33588,20.55682,0
28.7280,70.3690,6.24662,18.95950,21.85334,0
21.2490,52.0493,1.48179,13.28083,15.56641,0
25.0644,61.3950,1.52433,16.84390,22.30865,0
31.1944,76.4105,1.59988,18.05703,18.74378,0
20.8729,51.1281,22.43581,17.90330,20.27892,0
27.9366,68.4304,0.53741,23.08236,27.61262,0
34.8102,85.2671,1.61049,19.94379,21.94409,0
22.1307,54.2089,3.18218,17.45773,19.81534,0
25.3225,62.0272,2.99621,11.55688,12.27195,0
33.7466,82.6619,1.81661,26.56684,30.72345,0
18.6056,45.5741,0.04013,10.71685,12.51659,0
8.0000,19.5959,0.46164,2.13250,2.63645,0
45.2313,110.7936,2.11884,24.33771,29.21277,0
26.3002,64.4221,0.13538,18.26425,20.99166,0
30.2173,74.0170,1.69734,25.54195,32.76554,0
37.5839,92.0614,0.15002,15.61495,18.76538,0
27.3974,67.1096,0.95366,17.12873,20.14225,0
32.1173,78.6709,12.98619,25.64157,29.18507,0
12.5045,30.6296,0.06953,4.91418,5.47361,0
8.7081,21.3305,0.05449,3.67978,3.12010,0
28.2533,69.2061,2.63879,24.81076,30.67216,0
34.3695,84.1878,0.17369,25.96637,29.84776,0
26.2319,64.2548,0.35263,16.31577,19.29284,0
13.3410,32.6787,5.04416,10.98041,12.22665,0
35.9413,88.0379,1.77852,27.74742,33.40099,0
19.3464,47.3889,0.14540,11.23822,13.00267,0
25.2965,61.9635,0.04136,16.34804,16.34194,0
25.2870,61.9403,0.22908,17.68867,20.86050,0
23.6072,57.8257,0.14546,17.41771,18.96997,0
17.8182,43.6456,0.05187,12.16493,14.23857,0
30.0152,73.5219,0.43915,17.90690,20.49386,0
39.0841,95.7361,0.07275,24.78221,27.36396,0
24.5055,60.0261,0.34169,11.63456,13.20273,0
45.9934,112.6603,2.09550,33.07699,36.68095,0
16.3400,40.0247,0.14148,11.13431,12.63670,0
20.8837,51.1544,0.03956,8.63760,10.42900,0
32.9120,80.6177,1.17273,23.21290,26.27160,0
30.4250,74.5256,2.63559,16.37277,18.16127,0
33.0737,81.0137,0.01017,9.05949,9.26250,0
27.5132,67.3933,1.37779,15.88238,18.15687,0
20.6746,50.6422,5.11621,18.71975,21.72944,0
21.1134,51.7171,12.40373,18.97447,22.68716,0
25.5500,62.5845,1.15043,11.70706,15.13870,0
26.0428,63.7916,0.25510,18.77543,22.09960,0
25.1583,61.6250,3.03898,9.24902,10.79547,0
42.4799,104.0540,0.77257,16.96062,20.83135,0
19.3362,47.3638,0.25534,14.06918,16.70960,0
29.1358,71.3680,0.04809,21.49861,25.53612,0
40.1624,98.3774,0.71811,16.66471,21.45486,0
25.5037,62.4711,0.15380,15.31892,18.27485,0
44.1834,108.2268,1.88175,28.05933,34.50351,0
20.0966,49.2265,0.54562,15.69402,18.79913,0
18.7150,45.8421,0.02488,14.57999,17.30290,0
35.9383,88.0306,0.82042,23.23826,29.04580,0
18.0846,44.2981,0.55517,8.95839,9.15992,0
30.8828,75.6470,1.69695,16.61867,19.59117,0
25.3233,62.0291,0.82112,22.88730,28.88717,0
30.9160,75.7283,0.07444,18.01439,20.74972,0
19.9768,48.9330,4.93302,17.77531,20.06115,0
21.5203,52.7137,0.47990,11.07169,13.58488,0
32.6021,79.8586,2.94743,19.15662,22.68469,0
30.2001,73.9748,0.06830,24.10721,28.31681,0
33.4842,82.0192,3.20356,26.51153,31.25568,0
24.9232,61.0492,2.02460,21.22521,24.82874,0
25.9933,63.6702,0.02171,21.52255,24.40856,0
41.1401,100.7723,0.35372,17.94448,18.87972,0
29.7114,72.7778,0.02246,18.51240,23.91710,0
26.9546,66.0249,0.71501,17.59777,19.61530,0
20.5334,50.2964,0.20051,8.95691,10.29407,0
20.4804,50.1664,0.72600,15.18223,19.22121,0
33.3805,81.7651,7.76918,26.79772,32.78941,0
12.4752,30.5579,0.22668,7.08337,7.66466,0
37.5237,91.9139,30.90322,36.29373,39.73457,0
33.7377,82.6401,3.16957,17.41186,20.33172,0
20.2042,49.4899,0.95773,5.88138,6.83263,0
21.9428,53.7487,0.60185,14.72747,18.16756,0
32.0913,78.6072,1.36889,26.71927,29.25638,0
38.3175,93.8583,0.54387,13.08698,14.47948,0
21.6214,52.9614,0.64278,14.30496,17.28301,0
29.9449,73.3498,1.50809,21.97091,26.86151,0
20.7835,50.9090,5.11575,17.45817,21.42951,0
27.2495,66.7473,3.25543,19.88397,23.55702,0
32.1236,78.6865,0.00533,19.48058,22.67843,0
24.8067,60.7638,0.13012,7.44153,8.45687,0
51.8588,127.0276,3.91740,11.63298,14.84336,0
22.6726,55.5363,1.75859,13.56416,14.29733,0
24.7488,60.6220,0.15355,15.23423,17.81627,0
34.3758,84.2031,1.95429,13.90535,17.47746,0
10.2522,25.1126,0.85144,4.87318,6.10103,0
17.1544,42.0195,2.89455,13.45427,14.96838,0
22.2099,54.4028,0.96303,17.98875,20.61011,0
31.0965,76.1705,2.31234,17.72479,22.61898,0
28.6957,70.2898,0.35790,18.50604,20.28003,0
37.6600,92.2478,0.11974,27.09026,32.45667,0
26.2453,64.2876,0.01656,19.92848,24.53270,0
34.4578,84.4039,0.00050,17.77339,19.54812,0
28.5598,69.9569,6.23776,20.29625,23.61129,0
41.0314,100.5059,0.86748,25.39863,31.55670,0
13.9537,34.1795,0.50183,12.54233,14.21085,0
37.5874,92.0700,2.20101,17.78677,22.66083,0
37.6008,92.1029,0.15716,24.57155,28.10923,0
27.7483,67.9691,0.27744,19.84466,24.91901,0
12.7634,31.2638,0.16903,10.53935,11.20039,0
25.8145,63.2324,0.03606,11.15549,13.75007,0
22.2647,54.5371,11.97350,21.91891,27.60504,0
28.6197,70.1037,0.50967,13.78177,17.19270,0
39.9401,97.8329,1.81574,15.59332,19.40510,0
23.5197,57.6112,0.81754,17.79733,21.59434,0
12.1373,29.7302,3.35092,10.69970,12.95946,0
15.9552,39.0821,0.00182,11.48222,13.07801,0
25.9768,63.6298,1.85201,18.05347,21.30122,0
11.9916,29.3733,0.51599,9.76161,12.53863,0
18.5067,45.3321,4.19954,16.02886,18.76132,0
31.3643,76.8266,1.32217,14.71509,16.62795,0
29.7479,72.8672,0.57612,16.55533,18.33736,0
37.7408,92.4458,0.04206,26.38319,31.45562,0
35.5111,86.9840,0.59870,16.45532,19.88271,0
28.4609,69.7146,0.25214,14.90156,16.82167,0
35.4721,86.8885,2.71761,22.33948,26.58685,0
29.3269,71.8360,0.85166,15.15705,18.92206,0
26.1706,64.1046,1.58620,21.54862,25.51632,0
27.2037,66.6351,0.99207,17.89647,21.29950,0
15.7405,38.5561,1.61898,13.44044,16.24804,0
13.7353,33.6445,0.25954,5.88094,6.41529,0
17.5457,42.9781,0.19064,13.85993,14.85501,0
31.9514,78.2647,0.61734,22.16441,24.19941,0
18.1765,44.5232,2.18961,13.60975,15.95252,0
18.4930,45.2984,0.02148,14.01935,16.57273,0
18.3560,44.9629,0.11949,16.12910,19.13845,0
30.6328,75.0347,0.57885,22.81144,26.16775,0
38.0925,93.3072,1.47812,30.60081,38.82626,0
27.1680,66.5478,4.34693,17.99459,20.87812,0
34.1861,83.7384,1.97835,31.04823,35.77391,0
14.9227,36.5531,3.12221,8.28241,10.21818,0
16.6794,40.8561,0.13719,12.61012,15.04676,0
29.1416,71.3821,1.95253,14.88087,17.19717,0
30.6231,75.0109,0.11045,20.14322,24.11206,0
23.1810,56.7816,0.76121,20.16364,24.36967,0
21.7668,53.3175,12.79542,20.52399,25.51018,0
27.2664,66.7888,0.09418,16.31819,19.98234,0
38.1422,93.4288,1.47066,13.61348,16.87423,0
34.7109,85.0239,1.11727,23.07513,25.83391,0
30.8896,75.6638,3.10447,30.78726,35.77152,0
19.5930,47.9928,0.44535,13.36939,16.49282,0
30.7926,75.4262,1.87268,21.06306,25.56442,0
12.4943,30.6048,0.42017,3.54244,3.42282,0
28.9444,70.8990,0.02814,4.17317,4.87766,0
14.9806,36.6948,0.03344,10.93891,11.18907,0
32.1261,78.6926,0.60213,12.86585,15.76497,0
46.8427,114.7406,11.31672,25.98689,30.04437,0
29.1828,71.4830,3.28729,12.46403,13.99845,0
40.7629,99.8484,3.88661,28.79596,31.65949,0
17.3838,42.5814,0.17718,9.54814,10.82202,0
26.0502,63.8097,0.17480,8.92627,9.96059,0
14.4069,35.2897,1.23320,13.18312,13.52353,0
20.9393,51.2906,0.06823,16.00755,19.17920,0
35.1806,86.1746,1.73276,17.24333,20.30665,0
43.4292,106.3795,1.55333,17.72953,20.94478,0
24.8148,60.7836,2.52981,15.99052,19.18775,0
56.8684,139.2987,0.06029,16.50148,17.88466,0
30.2790,74.1681,0.21628,21.41450,26.25279,0
21.1305,51.7590,2.04759,22.02511,23.08842,0
20.9808,51.3923,0.00245,10.41662,12.89747,0
27.3035,66.8796,0.03785,16.79841,20.35945,0
35.9935,88.1657,4.40514,16.70286,18.96940,0
25.2912,61.9505,1.58445,16.38943,19.59941,0
12.3516,30.2551,0.51033,6.05968,6.71730,0
14.0359,34.3809,5.18130,9.94799,10.92717,0
10.1379,24.8327,0.22706,8.79875,10.32042,0
31.4111,76.9412,1.10824,23.36471,26.75602,0
20.5358,50.3022,1.29399,14.37100,16.29253,0
8.0000,19.5959,13.80486,7.60677,10.08892,0
28.3530,69.4503,4.79827,20.38693,23.08418,0
42.0093,102.9013,0.60825,38.56310,43.18813,0
31.6145,77.4394,2.02269,14.53733,15.29318,0
30.6316,75.0318,0.30268,23.37081,25.64223,0
28.6061,70.0703,10.33507,24.90309,28.51841,0
37.2240,91.1797,1.91318,14.14297,16.45957,0
37.0377,90.7235,0.08626,24.36195,28.80678,0
31.2357,76.5116,0.11350,17.83508,21.86986,0
27.0950,66.3689,4.61430,20.03110,23.70351,0
11.1861,27.4002,0.00756,7.89714,8.58432,0
35.4748,86.8952,0.56813,18.87749,22.71000,0
33.7376,82.6398,3.01932,21.04426,25.15614,0
11.7258,28.7223,0.00617,7.94866,9.48319,0
39.1920,96.0005,1.58321,14.11500,15.91267,0
20.4915,50.1938,0.02364,15.48825,16.91977,0
27.3990,67.1135,0.52183,17.36296,19.93614,0
31.8455,78.0052,1.56482,25.73910,31.24717,0
18.4634,45.2258,0.39884,15.33168,18.16957,0
39.9480,97.8521,4.89244,21.90995,29.04799,0
35.8605,87.8399,2.68844,27.11959,32.00653,0
34.6618,84.9036,2.02046,17.63784,20.91649,0
35.9620,88.0885,2.09685,17.34532,19.15768,0
10.1336,24.8222,0.79153,6.09662,6.70224,0
25.1204,61.5323,0.38501,18.79560,23.40787,0
23.7586,58.1964,0.08532,18.05229,20.03783,0
35.7164,87.4869,2.20311,22.33351,27.81378,0
11.6885,28.6308,0.57363,2.82314,2.17602,0
26.6017,65.1606,2.88773,20.19298,25.18931,0
27.1706,66.5540,1.93813,21.13548,22.58986,0
25.7013,62.9550,0.94594,16.91658,20.99081,0
38.7030,94.8026,4.95396,10.07671,12.15467,0
26.2280,64.2451,0.21284,18.82314,23.31323,0
26.8193,65.6936,0.02615,19.21726,22.81310,0
29.6139,72.5389,0.14464,22.06879,26.31215,0
32.0680,78.5502,0.02413,13.51152,14.02966,0
34.0290,83.3538,2.42116,11.05122,11.51233,0
24.1919,59.2577,2.45709,19.63838,22.32049,0
25.1137,61.5158,0.33978,17.45290,21.21642,0
27.7861,68.0618,1.80888,12.96815,15.80747,0
31.4127,76.9450,0.36777,18.97340,22.38834,0
31.5460,77.2716,0.33412,16.19402,19.27767,0
13.8693,33.9728,0.72185,10.43306,12.06490,0
27.0267,66.2015,0.16310,13.29559,16.13707,0
8.0000,19.5959,0.85830,7.29780,8.53995,0
30.3869,74.4324,1.15515,13.82070,16.23295,0
23.9076,58.5614,10.47470,20.58243,25.46571,0
30.0013,73.4880,3.73975,23.61071,26.00348,0
21.7504,53.2773,0.00981,13.33431,15.09147,0
30.7446,75.3086,0.26828,18.56867,19.15436,0
33.5953,82.2913,2.96944,25.38377,30.93237,0
19.5034,47.7734,0.03390,11.49425,13.23273,0
29.0181,71.0795,5.12140,23.67792,28.93540,0
17.3432,42.4820,7.59942,10.10900,12.04840,0
30.5370,74.8000,2.59806,25.45001,28.96571,0
31.5840,77.3646,2.38957,16.32496,18.90643,0
21.5040,52.6738,0.02345,14.78090,17.02560,0
17.0432,41.7471,0.21731,5.82338,5.59517,0
17.7037,43.3650,0.72869,11.51730,13.62765,0
22.5565,55.2520,50.95911,16.12726,18.71660,0
29.4997,72.2593,4.27889,21.86303,23.44919,0
40.6932,99.6777,1.09339,24.94388,30.19191,0
25.0215,61.2898,0.30038,13.75501,14.51461,0
38.9083,95.3056,3.08105,22.54932,28.26403,0
18.1490,44.4557,0.04151,13.87867,15.42847,0
34.2381,83.8658,0.05189,10.75898,10.65778,0
24.4209,59.8188,5.51226,7.04378,7.86159,0
25.1701,61.6539,2.36555,17.05307,18.53918,0
10.4000,25.4747,0.01162,6.46745,7.36616,0
17.9714,44.0208,0.52093,10.98837,12.28731,0
24.4049,59.7795,2.82984,10.21434,12.02325,0
25.0956,61.4714,0.29493,13.05183,16.46937,0
28.1266,68.8958,1.07886,19.67732,23.01356,0
20.9083,51.2148,2.82916,14.46775,19.59864,0
22.8111,55.8755,0.47836,15.72781,21.03574,0
40.7311,99.7704,1.79390,18.42788,20.39059,0
26.1806,64.1292,2.47703,16.84517,20.78282,0
25.0375,61.3292,3.02062,19.79746,24.62063,0
26.9534,66.0221,1.47137,15.40015,18.95432,0
27.3124,66.9014,0.58504,19.56164,24.50716,0
29.2100,71.5496,1.51779,14.35434,17.47889,0
17.9545,43.9793,0.80973,10.64701,13.26713,0
23.5910,57.7858,0.15107,11.56808,13.68166,0
16.4856,40.3814,0.51398,14.30811,16.47726,0
34.6457,84.8642,1.03263,14.44799,15.60275,0
19.4314,47.5970,4.82692,17.51231,20.95995,0
18.2778,44.7712,3.34002,16.13444,19.40543,0
22.4779,55.0594,1.06204,7.45803,9.53519,0
26.5759,65.0975,0.56226,15.42662,19.50617,0
37.8148,92.6270,17.50099,33.84748,37.84733,0
31.9757,78.3241,1.17517,15.45476,20.26427,0
36.3366,89.0061,0.20504,28.88550,32.72931,0
25.7224,63.0067,0.44637,10.55357,12.24080,0
14.3539,35.1597,1.90342,14.74811,17.24141,0
24.7771,60.6911,0.79497,7.25305,8.74702,0
35.1466,86.0913,0.69535,22.87230,25.85172,0
23.6320,57.8864,0.41086,12.25237,16.83325,0
28.6483,70.1736,1.16616,8.00972,9.20800,0
29.7688,72.9184,0.19335,18.84982,23.66258,0
34.7713,85.1720,0.13371,18.34989,24.00769,0
35.2669,86.3858,2.06910,21.55018,23.99723,0
22.0076,53.9074,4.30124,6.93042,7.94555,0
12.0271,29.4601,0.01068,5.07848,5.80152,0
15.4765,37.9096,1.28627,9.69627,12.29010,0
21.5309,52.7397,0.14024,18.03182,20.00501,0
38.9086,95.3063,0.40928,18.98196,23.07068,0
31.0961,76.1695,0.32602,17.36104,21.00953,0
16.1593,39.5821,0.00011,15.10789,17.60219,0
21.6952,53.1422,2.15891,16.43413,19.09342,0
23.6651,57.9674,0.01182,13.40900,15.39625,0
10.7822,26.4109,0.00754,7.47932,7.88657,0
26.5866,65.1237,0.04680,20.85134,26.30541,0
31.3976,76.9082,0.49819,23.98663,26.34001,0
23.1393,56.6794,10.03375,23.14546,27.02909,0
32.9584,80.7313,1.12395,16.56525,18.11920,0
31.2967,76.6609,0.02835,21.17943,24.71567,0
21.7821,53.3550,0.43404,7.68394,8.90892,0
34.8263,85.3067,1.65565,28.27653,33.53360,0
25.6366,62.7965,0.14331,16.60245,19.77678,0
23.8595,58.4437,1.05940,16.20529,19.01866,0
37.8328,92.6712,3.43131,21.24214,25.84366,0
37.0656,90.7919,1.13055,16.20462,18.93599,0
31.1457,76.2911,0.95977,22.29837,27.80408,0
14.9149,36.5340,0.08277,11.60398,12.57727,0
21.5785,52.8562,3.63443,15.38751,16.62900,0
18.6955,45.7945,4.88891,12.81203,14.06671,0
27.3144,66.9064,1.79639,20.75296,26.70633,0
21.0754,51.6240,0.23255,15.99568,18.53691,0
25.2873,61.9409,0.13487,19.70557,22.12922,0
35.5708,87.1304,0.02160,22.70047,26.51021,0
15.8023,38.7076,0.12900,4.34922,4.09661,0
23.6412,57.9090,0.57097,16.19873,18.51026,0
22.4629,55.0226,0.27511,15.34171,16.64936,0
24.8389,60.8427,8.29920,11.89069,14.53734,0
25.2455,61.8385,0.00968,14.62410,14.94487,0
25.7678,63.1179,0.04577,15.04071,17.64061,0
42.0973,103.1168,2.98038,30.29802,35.19124,0
32.9087,80.6094,0.16762,13.49664,13.72096,0
31.0418,76.0365,0.26848,18.68374,22.89883,0
52.2747,128.0462,0.00459,28.67703,33.38068,0
20.4375,50.0614,2.01887,7.30906,8.93894,0
35.5677,87.1226,9.50862,25.04221,29.73534,0
20.1896,49.4543,42.78746,19.16745,20.62549,0
35.4330,86.7928,9.23356,23.17067,27.79830,0
23.8767,58.4858,0.09761,11.83451,14.34838,0
23.6949,58.0404,1.24278,18.18054,22.08307,0
18.4439,45.1782,0.02175,12.49595,14.36811,0
46.4873,113.8701,0.08532,24.27327,27.72221,0
29.4714,72.1898,0.01625,12.07153,15.06972,0
18.0298,44.1639,1.14274,17.16199,19.83986,0
29.1562,71.4178,3.50782,23.14192,26.14543,0
27.6705,67.7787,1.58509,20.42086,26.20321,0
26.8135,65.6793,0.02174,19.83562,22.13975,0
32.2622,79.0260,1.50848,22.14325,23.52003,0
22.4588,55.0125,2.27108,19.60404,21.39315,0
18.2958,44.8154,0.05032,11.11336,13.89114,0
26.8540,65.7787,0.24272,16.38270,20.04678,0
39.1768,95.9631,0.00360,29.09006,35.48629,0
35.0376,85.8243,0.36819,21.40378,26.10291,0
22.3568,54.7627,0.04729,11.88323,12.42796,0
29.0815,71.2349,0.11533,12.90854,13.20200,0
27.1951,66.6142,1.00994,18.19913,20.80520,0
53.1285,130.1377,2.53807,32.44114,38.48652,0
18.9714,46.4703,7.48742,10.75785,14.62858,0
27.8226,68.1511,5.70840,19.54293,23.55970,0
32.5540,79.7407,0.74832,6.91519,8.74435,0
43.6491,106.9180,0.76734,27.88002,34.02963,0
29.0169,71.0765,0.01615,19.39111,24.02918,0
19.6116,48.0384,0.07522,13.74971,16.67985,0
23.3034,57.0814,0.93884,13.23139,16.49185,0
35.8305,87.7663,0.34029,26.98204,32.31950,0
21.0427,51.5439,5.58182,18.45143,21.73002,0
35.0031,85.7398,0.00999,19.65994,25.60693,0
8.0000,19.5959,1.15521,4.37475,5.47259,0
23.9290,58.6139,9.12609,15.84374,18.46802,0
43.8080,107.3072,0.57757,21.47882,26.82977,0
32.0300,78.4573,1.24206,23.28677,26.72255,0
23.1634,56.7386,3.30542,20.61618,22.38811,0
32.1569,78.7680,0.74026,24.13493,29.84061,0
36.1767,88.6146,0.00041,21.10099,23.40109,0
28.4361,69.6539,1.04749,22.73124,26.94070,0
30.9365,75.7786,1.17332,23.57644,27.31044,0
21.6925,53.1356,0.69774,8.13156,9.09887,0
21.0346,51.5240,9.94116,13.41641,17.20748,0
22.5849,55.3214,67.65412,22.85944,28.12085,0
29.2266,71.5902,0.06700,16.94990,21.31799,0
23.9573,58.6832,2.98915,20.19537,24.07951,0
23.2931,57.0561,1.85000,21.85206,26.34942,0
44.1838,108.2277,0.37940,23.21394,26.87865,0
20.7772,50.8936,0.02537,11.12371,14.29325,0
23.5721,57.7397,0.00396,12.37513,15.40193,0
33.3149,81.6046,0.07501,18.48595,20.82197,0
30.4330,74.5453,8.21292,21.19420,24.90849,0
35.5893,87.1757,2.13223,27.31616,32.60518,0
26.8904,65.8677,0.42438,14.75237,17.14642,0
16.7129,40.9380,0.41089,12.81696,14.93983,0
31.0640,76.0910,1.01605,15.82512,18.97455,0
40.1410,98.3249,0.28362,12.00480,14.63024,0
31.0098,75.9581,0.01707,20.51188,24.66690,0
38.2814,93.7700,2.17144,23.10491,26.86945,0
20.6851,50.6679,0.12471,8.94622,10.66059,0
24.2913,59.5014,0.29100,17.29526,18.70054,0
18.4220,45.1245,0.06302,11.28443,13.56120,0
26.3662,64.5837,1.01801,17.26274,20.15767,0
20.3242,49.7840,2.14093,15.66978,17.36003,0
22.8516,55.9749,0.38619,18.35083,21.91264,0
25.9888,63.6593,77.12209,23.47669,26.00502,0
36.2364,88.7607,0.72913,24.43956,27.62937,0
23.3697,57.2437,6.02865,20.64891,25.56213,0
50.5793,123.8934,4.36038,20.26403,25.64379,0
43.0141,105.3626,1.50816,17.72652,22.19129,0
28.2977,69.3148,0.01628,13.34090,15.91050,0
22.3749,54.8070,0.10205,9.74135,11.42867,0
20.5784,50.4066,0.80973,8.24538,9.33912,0
24.9518,61.1191,0.07388,20.32520,23.10300,0
13.4305,32.8979,16.94563,10.12395,12.04150,0
36.2784,88.8635,0.29869,12.87739,14.57474,0
35.9917,88.1614,1.02028,17.41102,21.27012,0
31.9634,78.2940,3.46474,21.97033,24.37272,0
18.8355,46.1374,5.66645,12.12762,13.98407,0
24.8417,60.8494,0.75244,19.48626,20.73482,0
32.2054,78.8867,0.54689,17.50337,21.84881,0
17.4180,42.6652,9.63986,14.95288,17.90767,0
33.5399,82.1557,0.03831,18.08108,22.69842,0
13.8262,33.8670,0.87100,4.99081,6.00592,0
34.4909,84.4852,1.03793,16.17319,18.16720,0
20.7572,50.8446,3.99044,16.69711,20.69529,0
26.3025,64.4276,2.16514,15.85056,18.23041,0
31.7471,77.7642,1.52722,14.53070,16.31037,0
36.5623,89.5589,2.83498,29.20175,32.35908,0
32.1768,78.8168,3.73057,23.81587,28.21573,0
19.4460,47.6329,1.63168,15.36741,17.93681,0
28.2029,69.0828,0.03226,20.92154,24.19368,0
42.8161,104.8776,13.40960,31.86469,40.43930,0
10.1501,24.8625,2.01012,9.29934,10.92595,0
28.8612,70.6951,0.04060,17.97041,20.69507,0
31.6033,77.4120,0.52228,18.63089,21.45562,0
20.6116,50.4879,0.13990,10.16839,12.76056,0
27.7899,68.0712,1.64829,16.55446,20.97856,0
26.1568,64.0708,2.79399,20.79755,25.49655,0
25.2828,61.9300,0.80275,8.03224,9.18485,0
47.7877,117.0555,0.84113,30.88189,39.30119,0
21.3694,52.3442,3.40036,17.95254,19.03304,0
17.7694,43.5261,6.98472,9.94725,11.59583,0
25.5848,62.6698,5.89260,21.18634,23.78374,0
39.8133,97.5223,0.71383,18.69810,21.96706,0
27.9695,68.5110,0.52473,23.50101,27.06681,0
33.2532,81.4534,0.08673,15.88795,19.17572,0
20.4877,50.1844,5.42566,6.43673,7.35584,0
44.1063,108.0379,0.26518,31.98715,34.06236,0
25.0085,61.2581,2.84187,12.99140,14.40732,0
38.1203,93.3753,0.02575,11.35307,13.38400,0
21.0889,51.6571,0.16444,15.50060,18.76970,0
38.2280,93.6390,0.01722,14.25635,17.42115,0
20.5399,50.3123,5.61385,7.31016,7.95879,0
31.6286,77.4740,0.63564,18.89646,22.49990,0
21.0624,51.5922,2.05283,12.74594,14.70549,0
23.9707,58.7160,3.98246,22.02195,24.66725,0
24.5809,60.2106,0.19391,13.22742,15.59220,0
24.8058,60.7616,0.52662,12.18914,15.30239,0
24.4629,59.9217,15.02667,20.91914,25.90049,0
52.7461,129.2011,0.15616,25.57195,32.53615,0
18.1834,44.5402,0.29178,11.70097,12.55422,0
23.6406,57.9074,0.59285,17.22597,19.27382,0
37.4846,91.8182,3.68255,21.47372,26.22899,0
36.8065,90.1571,4.13210,33.98468,40.72053,0
36.8620,90.2930,0.00193,21.16607,25.71081,0
23.7158,58.0915,0.93779,14.70263,17.98006,0
53.5430,131.1530,3.76696,26.72177,33.46903,0
34.1058,83.5419,16.56693,31.08535,36.28491,0
26.8935,65.8753,0.00691,10.19639,9.58058,0
33.0453,80.9441,4.86603,15.70466,16.58520,0
27.4897,67.3358,1.30564,14.82872,18.04960,0
21.7733,53.3334,4.74796,17.23012,21.59146,0
33.0847,81.0406,0.07253,24.60944,29.95767,0
38.6581,94.6926,4.22807,18.60348,21.57910,0
33.9553,83.1731,0.30925,17.39962,20.32080,0
38.3943,94.0465,0.82801,23.13954,26.18560,0
23.1411,56.6839,0.19221,8.08396,8.62387,0
28.3760,69.5066,1.16545,14.43215,16.60493,0
23.9103,58.5679,0.14641,16.72564,19.88117,0
29.9434,73.3461,1.63923,20.83476,25.26851,0
26.7442,65.5096,9.75744,20.36561,23.68291,0
25.7501,63.0745,4.91515,20.55793,23.66100,0
25.7703,63.1241,0.19777,16.27388,18.92956,0
34.1050,83.5398,0.00000,18.47826,22.41379,0
17.1964,42.1225,0.05524,14.20060,16.29434,0
27.9054,68.3539,0.53336,17.01654,21.15234,0
15.6073,38.2299,0.03771,9.21310,10.91071,0
20.8924,51.1758,1.80505,18.69439,21.41984,0
40.7477,99.8111,0.21241,24.61819,28.01354,0
24.8341,60.8309,0.35327,19.89164,23.04752,0
24.8348,60.8327,2.27692,13.95017,16.37434,0
48.1819,118.0210,1.47997,20.10466,21.42627,0
40.0504,98.1031,4.34021,23.69066,26.40902,0
28.6728,70.2338,0.02067,21.10987,25.01695,0
25.0340,61.3206,0.10904,17.26031,20.03039,0
30.6676,75.1199,0.10660,18.33061,22.44491,0
35.2943,86.4530,0.09805,24.47667,27.73734,0
9.4791,23.2191,3.54268,6.63890,7.68969,0
29.2176,71.5681,0.59082,5.20762,6.34248,0
15.9597,39.0931,0.32422,7.84236,8.15994,0
24.1223,59.0873,0.25155,18.15354,23.37967,0
27.4907,67.3383,1.22107,20.84786,24.08973,0
31.7352,77.7350,3.85898,26.15594,29.32790,0
30.1125,73.7604,0.24468,16.35686,19.44989,0
42.0042,102.8889,0.02609,26.54466,33.70865,0
31.4875,77.1283,0.16154,15.92328,19.35417,0
19.5952,47.9983,0.23103,15.54628,17.83608,0
34.5829,84.7104,19.09937,24.44642,29.71295,0
19.9000,48.7448,3.75784,17.62618,17.89861,0
33.7529,82.6774,0.91653,21.56105,26.60985,0
24.9596,61.1382,0.02088,20.07994,21.91252,0
16.1656,39.5976,0.00022,10.83656,12.60301,0
34.7134,85.0301,0.38280,21.75207,28.52633,0
30.5956,74.9436,0.01603,17.36468,21.70577,0
28.4609,69.7147,0.91061,11.21651,13.00618,0
15.2362,37.3209,3.85784,10.81350,11.86121,0
20.8557,51.0859,0.97147,13.47798,15.87321,0
30.7464,75.3130,1.12379,23.71759,27.89665,0
42.1230,103.1798,4.65234,26.47524,30.45824,0
10.5336,25.8020,5.87138,8.76204,9.10658,0
21.0699,51.6105,0.46716,10.58083,12.31832,0
24.9329,61.0728,0.21597,16.37694,20.61882,0
23.2622,56.9804,0.82419,12.17269,13.44485,0
31.1127,76.2102,0.71881,15.85995,17.54275,0
28.1066,68.8469,0.15940,16.64050,18.91000,0
34.5567,84.6463,0.92901,16.45177,17.68615,0
13.7488,33.6777,0.97642,12.58850,14.94419,0
37.4358,91.6986,0.10540,28.03657,34.42051,0
48.2633,118.2205,0.04072,24.93436,29.95301,0
25.5916,62.6864,1.96882,10.74742,12.84391,0
28.1702,69.0027,0.39244,18.41021,23.10253,0
32.4541,79.4960,1.97893,23.49630,28.43831,0
45.1064,110.4878,2.88244,19.45618,22.77504,0
32.8223,80.3979,0.73628,19.78446,24.62249,0
17.0081,41.6611,0.00020,6.62394,7.01266,0
23.7693,58.2228,0.10863,17.13992,19.71647,0
41.3071,101.1814,2.83095,29.66055,33.51447,0
24.3946,59.7542,0.43287,17.28925,17.89920,0
28.1435,68.9372,0.27215,12.87879,13.23678,0
38.7682,94.9623,1.69834,17.95213,20.23987,0
19.6628,48.1638,1.84876,13.89328,16.21670,0
16.3630,40.0809,0.89406,13.28248,14.86791,0
20.7506,50.8285,4.75515,14.66124,15.87988,0
34.1879,83.7429,2.98247,17.98889,21.27983,0
12.5766,30.8062,0.55015,12.08436,12.92866,0
24.4872,59.9811,0.95406,13.68820,16.64498,0
12.5433,30.7246,0.18858,5.92016,6.42191,0
28.2137,69.1092,2.85343,21.75246,24.49644,0
42.7201,104.6425,2.64393,31.15316,36.78532,0
34.5063,84.5227,3.99349,27.90337,32.00142,0
23.2157,56.8667,0.38457,21.13663,25.40025,0
43.1251,105.6345,0.02877,15.00999,20.17748,0
24.6477,60.3742,0.12781,18.16746,19.10972,0
29.4723,72.1921,0.68701,19.91720,25.05112,0
35.4972,86.9501,6.15486,26.65471,33.80754,0
20.5520,50.3419,2.94404,12.73661,15.69217,0
37.2653,91.2809,0.00906,14.07202,16.76542,0
11.1911,27.4126,6.52536,9.87759,11.88011,0
18.3609,44.9748,2.34660,14.24085,17.32365,0
17.5145,42.9015,0.07183,12.29306,13.70033,0
29.8839,73.2002,1.14243,9.26500,10.92577,0
28.3028,69.3275,0.00221,14.42859,19.25604,0
19.5845,47.9721,1.72783,13.14613,15.13103,0
31.1188,76.2252,0.22875,17.83383,20.84381,0
36.0056,88.1953,0.85848,18.65454,22.14239,0
26.3262,64.4857,24.63880,24.64241,28.97864,0
22.1389,54.2290,0.34070,17.47710,21.66702,0
34.0206,83.3332,0.32638,22.11149,26.33832,0
13.9243,34.1073,0.51913,11.23230,13.33112,0
25.5627,62.6155,2.98247,19.15843,19.93104,0
19.8250,48.5611,0.05821,15.71757,18.05696,0
42.0482,102.9967,2.36620,30.41909,40.10846,0
26.6975,65.3953,2.97318,13.53987,15.90987,0
38.8027,95.0469,7.85714,21.67599,25.95061,0
39.4473,96.6257,0.51338,32.53737,36.02398,0
14.8620,36.4043,0.00381,8.38803,10.01219,0
25.8374,63.2884,0.14049,21.19770,24.96933,0
18.1338,44.4186,22.40607,18.71463,22.34732,0
21.0971,51.6771,39.51208,15.51331,18.01657,0
24.2341,59.3612,3.34908,18.45113,22.51385,0
32.4338,79.4462,0.34536,16.43573,22.39003,0
26.7139,65.4355,0.23066,17.52755,22.59024,0
36.6953,89.8848,2.55187,32.78196,38.35288,0
21.7959,53.3889,0.12647,14.37443,16.15655,0
28.8611,70.6950,2.98952,26.33591,29.32631,0
32.1285,78.6984,0.88292,16.28774,18.77472,0
24.6514,60.3833,0.87166,20.62007,24.92330,0
31.1538,76.3109,1.41051,25.34043,30.44129,0
27.0675,66.3016,0.84487,21.35874,25.74976,0
31.6903,77.6251,2.27748,15.23479,17.73809,0
35.1847,86.1845,0.00158,16.48426,19.35775,0
20.1645,49.3927,0.97639,18.33450,20.55213,0
32.4249,79.4244,0.76925,23.51205,26.25840,0
25.7746,63.1346,1.29196,8.48092,10.59826,0
40.2402,98.5679,0.69071,30.95117,37.94661,0
11.9300,29.2224,5.23439,12.54437,14.07234,0
21.4360,52.5073,0.03009,13.53963,15.51127,0
19.2409,47.1305,0.20978,15.81616,18.59361,0
25.0661,61.3991,1.88463,13.72296,16.79867,0
8.0000,19.5959,0.08055,7.45221,8.52208,0
30.6590,75.0988,1.30999,12.30308,14.53961,0
29.5064,72.2756,0.78170,16.19687,17.68562,0
27.8007,68.0976,0.00331,19.42372,23.64921,0
25.4439,62.3246,0.13126,14.15041,16.41220,0
27.4623,67.2686,2.91510,22.23434,26.46397,0
26.8250,65.7077,11.43093,23.04383,27.69628,0
31.9676,78.3044,2.42904,22.55010,26.60930,0
11.7586,28.8027,16.78638,12.04441,12.73917,0
21.9137,53.6773,0.06213,14.36660,16.94662,0
29.5834,72.4642,0.82577,19.91318,22.65150,0
30.5814,74.9089,1.55650,20.02239,22.48760,0
17.6896,43.3305,1.98272,11.82997,13.42970,0
18.3911,45.0487,0.83182,12.16101,15.43584,0
38.2495,93.6919,1.80582,20.30846,22.44697,0
23.7043,58.0636,1.66768,17.72956,19.98099,0
27.6318,67.6838,0.32276,12.73071,16.12589,0
18.6455,45.6720,22.45468,14.02494,16.59720,0
43.9210,107.5841,0.02598,26.18616,31.09072,0
37.5937,92.0853,2.72587,25.16621,29.28007,0
38.7775,94.9851,5.54244,24.20867,27.48097,0
22.8911,56.0716,0.00592,19.62038,21.84038,0
23.6260,57.8717,2.47005,19.34398,25.35473,0
48.3982,118.5508,0.00654,29.05747,35.05268,0
10.2399,25.0825,0.00983,8.57220,9.49343,0
27.7432,67.9567,0.09092,7.80049,7.91047,0
35.6560,87.3389,0.25212,19.51997,24.46513,0
35.0421,85.8351,0.03086,11.02479,12.76899,0
26.5505,65.0352,1.92426,14.09245,15.92350,0
22.0251,53.9503,0.27634,11.64497,13.95043,0
29.6668,72.6684,0.03220,18.99810,22.20935,0
22.4357,54.9561,0.00137,13.37290,15.56544,0
27.0284,66.2057,1.58689,18.42584,21.51774,0
31.9897,78.3585,1.69108,24.56154,29.56658,0
17.6332,43.1923,0.21574,11.39292,14.23195,0
9.0396,22.1424,0.16146,7.91518,8.15361,0
9.4376,23.1172,0.65700,4.86586,6.49558,0
11.8722,29.0809,1.01291,10.25781,11.63537,0
38.8722,95.2170,0.62720,25.69270,32.14708,0
27.2998,66.8706,0.51863,20.44452,26.07427,0
16.5987,40.6582,2.09489,8.20376,9.09244,0
21.1544,51.8175,2.18379,12.90199,14.47752,0
31.7198,77.6974,0.43953,15.74750,19.63119,0
15.0012,36.7454,1.49598,6.87390,7.33754,0
69.6586,170.6279,3.75266,18.80965,20.76197,0
18.9484,46.4140,2.57516,14.36960,17.77772,0
15.6020,38.2169,1.98679,4.85109,4.79106,0
38.9636,95.4408,7.03984,18.53303,20.53588,0
29.6699,72.6760,0.11322,11.37520,12.66809,0
31.5153,77.1963,0.04802,12.91347,14.11686,0
29.3751,71.9540,1.04616,16.02643,17.85487,0
27.6047,67.6174,0.46541,18.60633,22.23826,0
38.1856,93.5354,0.07630,28.75149,35.63363,0
28.1697,69.0015,0.05226,21.81038,24.16140,0
22.5327,55.1937,0.66757,15.49420,19.75714,0
27.1634,66.5364,4.46912,22.74561,24.18652,0
21.2905,52.1508,67.71758,15.41174,20.57632,0
38.7616,94.9461,0.07851,24.69696,30.18146,0
21.8994,53.6424,1.39946,17.04744,19.74509,0
23.1649,56.7423,1.16521,15.59972,16.53032,0
37.6105,92.1266,2.00187,26.58281,31.09639,0
35.5219,87.0105,1.68870,10.92729,10.99791,0
30.1068,73.7463,2.58823,23.86899,25.87942,0
25.2314,61.8041,2.95581,11.51498,14.73585,0
47.8824,117.2874,2.22634,33.45176,39.32467,0
16.1658,39.5980,2.72409,9.06665,11.43897,0
34.5862,84.7185,7.00285,16.00421,19.54470,0
27.8586,68.2393,0.36019,17.92581,21.40853,0
33.1745,81.2605,0.61161,19.50404,23.98968,0
17.3862,42.5874,0.16929,7.35174,7.91369,0
20.0093,49.0126,0.26033,14.92119,17.51360,0
26.0259,63.7501,0.93045,18.57629,21.20113,0
25.6893,62.9258,2.46426,16.50485,18.15309,0
31.6772,77.5930,0.02484,19.25755,22.70365,0
26.4853,64.8756,0.30633,11.92586,14.03254,0
32.4121,79.3932,0.00228,15.37494,15.98169,0
18.0886,44.3078,0.43603,5.03488,5.93852,0
29.6888,72.7223,0.17943,21.15331,23.54696,0
31.1931,76.4071,4.55591,18.28704,20.92684,0
15.1947,37.2193,9.63923,15.39406,17.39785,0
37.9821,93.0368,0.49864,13.66865,15.30490,0
29.6342,72.5887,2.16157,12.55773,14.14342,0
15.0390,36.8379,12.48702,13.17473,15.05810,0
28.8678,70.7115,0.04299,13.36411,15.48963,0
33.3860,81.7787,2.00292,27.85427,34.74369,0
14.8268,36.3180,0.49541,11.81015,13.92714,0
22.2654,54.5389,0.89949,13.36720,14.95307,0
22.0510,54.0136,0.56585,17.01150,18.27850,0
32.4029,79.3706,0.80561,9.14542,11.23762,0
36.1418,88.5291,0.16728,23.04985,25.26566,0
30.5077,74.7283,1.01807,21.34119,24.55868,0
15.7067,38.4735,0.32918,11.54655,13.77577,0
12.6141,30.8981,0.33563,10.89893,11.55038,0
37.7906,92.5678,1.62897,26.68955,35.53329,0
25.2975,61.9660,0.55409,20.86835,23.95665,0
18.1320,44.4141,56.98286,20.38397,22.58177,0
40.0025,97.9856,2.22476,28.84873,33.38232,0
38.1702,93.4974,3.77438,31.43005,36.10437,0
24.6485,60.3761,55.46337,22.28521,27.38661,0
8.0000,19.5959,0.07453,5.54745,6.56114,0
38.3248,93.8763,0.64612,11.60814,15.40848,0
44.6985,109.4885,0.61815,20.07764,23.49459,0
24.3302,59.5965,0.43599,23.18885,26.85255,0
24.4312,59.8440,2.24106,20.06998,25.34979,0
21.3189,52.2204,0.49031,13.77410,16.20554,0
15.2286,37.3022,3.26396,14.69395,17.82395,0
24.8191,60.7941,0.07279,18.40185,20.64573,0
25.8542,63.3296,0.82477,14.96988,17.85499,0
31.4809,77.1122,0.03904,17.94041,23.92343,0
29.5284,72.3295,0.18605,13.69876,14.96837,0
29.1483,71.3985,0.20666,10.02895,10.20894,0
12.1165,29.6793,2.56870,9.19286,9.36504,0
33.6146,82.3385,0.25501,14.81351,16.78960,0
29.6655,72.6654,2.90100,15.80884,17.93055,0
30.0403,73.5833,1.24138,25.03859,29.12383,0
28.4875,69.7797,0.04505,19.01025,21.60919,0
40.4114,98.9874,1.84907,28.02545,35.31456,0
39.0895,95.7494,0.90474,21.30218,24.37515,0
29.1658,71.4414,0.05268,21.43458,24.48505,0
20.6951,50.6924,0.84307,9.69168,12.71847,0
14.4260,35.3362,0.71330,7.09135,7.64537,0
27.7331,67.9318,1.08217,12.79932,17.13212,0
25.0230,61.2935,1.85691,17.29754,19.73041,0
34.6006,84.7539,0.95683,14.38728,16.34905,0
38.8529,95.1699,1.45462,22.17861,28.28166,0
22.9958,56.3280,1.90785,10.66846,11.67464,0
26.6020,65.1613,0.42998,20.93886,25.78313,0
23.7989,58.2950,0.06963,14.31281,15.79813,0
19.5692,47.9346,0.65702,3.00819,3.74232,0
38.2213,93.6227,0.47587,16.15777,18.54890,0
12.3104,30.1542,2.73126,10.43921,11.96380,0
22.7654,55.7636,0.81076,14.95940,17.72633,0
21.1358,51.7719,5.19175,14.96373,20.03125,0
25.3006,61.9736,0.22147,11.80049,11.95158,0
33.8281,82.8616,2.43214,17.14073,22.67895,0
24.8417,60.8494,1.00829,12.45460,15.35088,0
25.7594,63.0974,0.39421,15.04302,16.26276,0
23.7976,58.2920,2.56695,15.21839,17.63326,0
22.0102,53.9138,0.00875,14.53357,18.57931,0
20.4529,50.0992,2.66427,15.62151,19.59794,0
23.3666,57.2362,15.75759,18.76215,22.03365,0
31.1935,76.4081,0.33731,24.39906,31.26014,0
26.7705,65.5740,1.39334,22.62190,29.54264,0
8.0000,19.5959,9.15695,4.87273,5.53135,0
32.4130,79.3954,3.32319,24.17741,30.46618,0
26.3553,64.5570,2.84083,21.50501,23.93333,0
28.7594,70.4458,0.23279,20.10941,24.72920,0
26.5565,65.0499,0.68367,14.15172,15.91756,0
23.3721,57.2498,1.40218,15.13047,19.61019,0
22.4456,54.9803,1.94282,16.56146,18.59903,0
27.0571,66.2761,0.52275,18.53251,23.47154,0
25.0318,61.3152,0.48874,18.41838,21.49973,0
18.0487,44.2102,0.07352,11.54436,12.98150,0
20.9034,51.2026,3.85181,18.52847,21.70785,0
24.7610,60.6518,2.58117,17.23582,22.54428,0
8.0000,19.5959,0.02270,3.21531,3.90434,0
31.1244,76.2389,0.56930,9.49968,10.36511,0
33.9397,83.1349,1.52634,8.27089,8.53195,0
21.1138,51.7181,1.96888,11.96997,15.28590,0
24.1187,59.0785,0.80921,17.15585,19.08823,0
42.1730,103.3023,8.30288,24.04093,29.43626,0
28.3335,69.4026,0.67089,20.99691,26.09609,0
27.0716,66.3115,4.09500,23.92109,27.78934,0
25.0202,61.2868,4.13818,12.38142,14.51045,0
34.4873,84.4762,3.22113,16.80719,20.98411,0
32.9881,80.8040,3.60703,16.63328,19.18930,0
33.3455,81.6796,0.12345,21.09724,23.84736,0
32.9411,80.6888,13.19360,20.70719,23.07735,0
22.7876,55.8179,1.16889,18.59143,21.26744,0
17.3507,42.5004,1.54003,11.70849,12.96902,0
15.5721,38.1437,0.16234,9.14135,12.84890,0
9.7990,24.0026,1.06200,8.69328,9.90213,0
30.6819,75.1550,0.58043,21.19896,23.47032,0
30.9551,75.8241,16.18325,24.36504,28.08530,0
17.4417,42.7233,2.18676,10.66446,11.25508,0
20.0099,49.0140,0.82051,17.12999,18.94846,0
26.9350,65.9769,1.12930,16.42921,19.55234,0
24.5836,60.2172,0.01988,17.87760,20.55534,0
44.3293,108.5841,1.85048,20.32001,23.78261,0
36.7476,90.0128,5.14875,21.10680,24.37654,0
35.7574,87.5874,0.04926,20.10708,23.38151,0
10.1148,24.7762,146.98711,13.98480,14.33180,0
24.8630,60.9016,3.08643,18.27735,21.66083,0
18.3627,44.9792,6.05792,16.92833,19.89290,0
36.4419,89.2640,0.00000,18.09019,19.76758,0
23.6361,57.8963,1.27306,13.77267,16.48417,0
45.6358,111.7845,75.14678,27.41758,31.14020,0
12.6578,31.0051,9.53531,15.72968,18.46308,0
19.6458,48.1222,0.90075,11.99347,15.48730,0
48.3847,118.5177,1.25050,30.23394,36.22746,0
19.9846,48.9521,13.33389,18.49016,22.15984,0
46.8806,114.8335,1.74167,25.30319,29.43845,0
28.7949,70.5328,3.36105,16.93071,18.66063,0
49.4060,121.0196,0.49530,17.61755,21.55043,0
11.4169,27.9655,0.00814,2.98181,3.60354,0
26.0690,63.8559,1.84001,10.20629,11.69291,0
25.2093,61.7498,0.08316,14.79035,17.04274,0
54.4807,133.4498,0.67276,24.50958,30.22970,0
26.9941,66.1218,0.75788,11.02054,11.13204,0
26.3113,64.4493,0.14972,20.99983,24.37988,0
29.2881,71.7410,0.24381,16.10005,17.30101,0
31.2463,76.5375,1.45390,11.26871,13.95384,0
28.2186,69.1212,2.01767,8.28024,8.96843,0
36.3527,89.0455,1.62580,18.08078,21.00733,0
30.8251,75.5058,3.61748,20.95197,26.05645,0
34.1165,83.5681,3.28135,14.74044,15.84590,0
18.9749,46.4788,0.20737,8.07506,9.47716,0
24.5385,60.1068,39.87549,22.20843,25.66460,0
37.5446,91.9652,1.47829,16.95935,18.72947,0
25.3414,62.0734,0.05326,11.98553,13.78732,0
30.1847,73.9371,0.26695,21.70072,25.61979,0
18.8933,46.2790,0.61324,16.04966,19.15032,0
19.1049,46.7973,0.15020,10.32321,11.95621,0
27.8176,68.1388,1.10966,18.90685,21.46122,0
34.2952,84.0057,1.20384,21.01727,22.87904,0
38.8180,95.0842,0.86768,26.67673,27.90015,0
34.9625,85.6402,0.20566,19.67598,24.12605,0
19.3689,47.4438,0.71524,15.21578,17.69708,0
20.6274,50.5267,1.38686,7.63517,8.31056,0
14.3084,35.0483,0.07092,4.21269,4.82670,0
18.9040,46.3051,1.61393,14.81608,17.19187,0
48.3368,118.4006,0.48920,26.50408,30.28560,0
22.8349,55.9338,22.77164,11.08400,12.84941,0
30.1517,73.8563,1.08909,20.42339,23.24301,0
16.6572,40.8015,0.42043,12.09784,13.95449,0
42.8985,105.0794,0.13926,32.21487,32.77227,0
32.0115,78.4119,0.07962,23.59834,28.22178,0
25.2601,61.8744,0.51999,7.54430,8.81439,0
